family_id,family_card_number,register_number,family_name,family_head_name,family_head_as_id,basic_christian_community,zone_id,language_community_id,rite_id,status,active,active_in_parish,registration_date,exit_date,diocese_id,vicariate_id,parish_id,sub_station_id,settled_as,income,income_type,economic_status,cemetery_no,civil_marriage,civil_marriage_date,church_marriage,church_marriage_date,house_type_id,house_ownership,rent_amount,address_line_1,street_2,city,district_id,state_id,country_id,zip,phone,mobile,email,same_as_above,permanent_street,permanent_street2,permanent_city,permanent_district_id,permanent_state_id,permanent_country_id,permanent_zip,comment
3165,YLG/001,YLG/001,Albert & Agnes,,,Arockiya Annai Anbiyam,,208,1,Approved,t,t,2018-01-01,2022-07-11,1394,4125,26809,,Family Permanent,,Annually,,,f,,t,1996-06-23,1,Rent,,"244, Guezou Nagar",,Yelagiri Hills,2027,607,104,635853,,9442357675,,,,,,,,104,,
3166,YLG/002,YLG/002,Alister Michel,,,Arockiya Annai Anbiyam,,208,1,Approved,t,t,2015-07-24,2022-07-11,1394,4125,26809,,Family Permanent,,Annually,,,f,,f,,1,Own,,246/3,,Yelagiri Hills,2027,607,104,635853,,9840135257,,,,,,,,104,,
3167,YLG/008,YLG/004,Antonyraj S,,,Arockiya Annai Anbiyam,,208,1,Approved,t,t,2015-07-24,2022-07-11,1394,4125,26809,,Family Permanent,,Annually,,,f,,f,,1,,,Near Indian Bank,,Yelagiri Hills,2027,607,104,635853,,9786958397,,,,,,,,104,,
3168,YLG/004,YLG/005,Antony Raj S,,,Arockiya Annai Anbiyam,,208,1,Approved,t,t,2018-01-01,2022-07-11,1394,4125,26809,,Family Permanent,,Annually,,,f,,t,2004-04-29,4,Own,, 2-279,,Yelagiri Hills,2027,607,104,635853,,9943626319,,,,,,,,104,,
3169,YLG/007,YLG/006,Antony. S,,,St. Francis Xavier Anbiyam,,208,1,Approved,t,t,2015-07-24,2022-07-11,1394,4125,26809,,Family Permanent,,Annually,,,f,,f,,1,,,"503, Near St. Charles School",,Yelagiri Hills,2027,607,104,635853,,9786668081,,,,,,,,104,,
3170,YLG/005,YLG/007,Antony Selvan P.,,,St. Joseph Anbiyam,,208,1,Approved,t,t,2019-02-07,2022-07-11,1394,4125,26809,,Family Permanent,,Annually,,,f,,f,2015-05-20,4,Rent,,Spring Field Garden,Punganoor,Yelagiri Hills,2027,607,104,635853,,9791112779,selvapang@gmail.com,,,,,,,104,,
3171,YLG/006,YLG/008,Antony Yash,,,St. Francis Xavier Anbiyam,,208,1,Approved,t,t,2016-05-02,2022-07-11,1394,4125,26809,,Family Permanent,,Annually,,,f,,t,2013-05-12,1,Own,,Punganoor,,Yelagiri Hills,2027,607,104,635853,,,,,,,,,,104,,
3172,YLG/009,YLG/009,Arokiamary R,,,Arockiya Annai Anbiyam,,208,1,Approved,t,t,2015-07-24,2022-07-11,1394,4125,26809,,Family Permanent,,Annually,,,f,,f,,1,Rent,,Near Indian Bank,,Yelagiri Hills,2027,607,104,635853,,9003546479,,,,,,,,104,,
3173,YLG/010,YLG/010,Arokiaraj Prem Kumar,,,Arockiya Annai Anbiyam,,208,1,Approved,t,t,2018-01-01,2022-07-11,1394,4125,26809,,Family Permanent,,Annually,,,f,,f,,1,Own,,159/B,,Yelagiri Hills,2027,607,104,635853,,9962352796,,,,,,,,104,,
3174,YLG/011,YLG/011,Arul A,,,St. Joseph Anbiyam,,208,1,Approved,t,t,2015-07-24,2022-07-11,1394,4125,26809,,Family Permanent,,Annually,,,f,,t,1994-11-14,1,Own,,3/123,,Yelagiri Hillis,2027,607,104,635853,,9884607132,,,,,,,,104,,
3175,YLG/012,YLG/012,Arul Raj S,,,St. Joseph Anbiyam,,208,1,Approved,t,t,2015-07-24,2022-07-11,1394,4125,26809,,Family Permanent,,Annually,,,f,,t,2009-08-30,1,Own,,S/o Savarimuthu,,Yelagiri Hillis,2027,607,104,635853,,9962834842,,,,,,,,104,,
3176,YLG/013,YLG/013,Arul S.,,,Arockiya Annai Anbiyam,,208,1,Approved,t,t,2019-02-06,2022-07-11,1394,4125,26809,,Family Permanent,,Annually,,,f,,f,,4,Rent,,Athanavur,,Tirupattur,2027,607,104,635853,,9442357506,arulanitha79@gmail.com,,,,,,,104,,
3177,YLG/014,YLG/014,Asuntha Mary,,,St. Joseph Anbiyam,,,1,Approved,t,t,2015-07-24,2022-07-11,1394,4125,26809,,Family Permanent,,Annually,,,f,,f,,,Own,,,,Yelagiri Hillis,2027,607,104,635853,,9003957929,,,,,,,,104,,
3178,YLG/015,YLG/015,Aurelia Whittle Bartley,,,St. Francis Xavier Anbiyam,,,1,Approved,t,t,2015-07-24,2022-07-11,1394,4125,26809,,Family Permanent,,Annually,,,f,,f,,1,Rent,,Murugan Kovil Road,,Yelagiri Hills,2027,607,104,635853,,8148877149,,,,,,,,104,,
3179,YLG/016,YLG/016,Chandra Shekar B.,,,St. Joseph Anbiyam,,208,1,Approved,t,t,2019-02-07,2022-07-11,1394,4125,26809,,Family Permanent,,Annually,,,f,,f,,2,Rent,,Athanavur,,Tirupattur,2027,607,104,635853,,6361078509,,,,,,,,104,,
3180,YLG/017,YLG/017,Christuraj A,,,St. Francis Xavier Anbiyam,,208,1,Approved,t,t,2015-07-24,2022-07-11,1394,4125,26809,,Family Permanent,,Annually,,,f,,f,,1,Own,,"3/490, Guezou Nagar",,Yelagiri Hills,2027,607,104,635853,,9443099271,,,,,,,,104,,
3181,YLG/018,YLG/018,Clement Arun Jerry,,,St. Joseph Anbiyam,,,1,Approved,t,t,2015-12-16,2022-07-11,1394,4125,26809,,Family Permanent,,Annually,,,f,,f,,1,Rent,,,,Yelagiri Hillis,2027,607,104,635853,,9655503070,,,,,,,,104,,
3182,YLG/019,YLG/019,Dayalan W,,,St. Francis Xavier Anbiyam,,208,1,Approved,t,t,2015-07-24,2022-07-11,1394,4125,26809,,Family Permanent,,Annually,,,f,,t,1992-05-06,1,Own,,"3/489, Murugan Kovil Road",,Yelagiri Hills,2027,607,104,635853,,9443629525,dayalan@boscoits.com,,,,,,,104,,
3183,YLG/020,YLG/020,Erroel Vogt (Peter),,,St. Francis Xavier Anbiyam,,208,1,Approved,t,t,2015-07-24,2022-07-11,1394,4125,26809,,Family Permanent,,Annually,,,f,,f,,1,,,3/503. Manjakolla Pudur,,Yelagiri Hills,2027,607,104,635853,,9442357711,,,,,,,,104,,
3184,YLG/021,YLG/021,Gerold Francis,,,St. Joseph Anbiyam,,208,1,Approved,t,t,2015-07-24,2022-07-11,1394,4125,26809,,Family Permanent,,Annually,,,f,,t,2000-04-24,1,Own,, ,,Yelagiri Hillis,2027,607,104,635853,,9159416404,,,,,,,,104,,
3185,YLG/022,YLG/022,Gnanapragasam S,,,St. Joseph Anbiyam,,208,1,Approved,t,t,2015-07-24,2022-07-11,1394,4125,26809,,Family Permanent,,Annually,,,f,,t,2013-05-23,1,Own,,Athanavur P.O,,Tirupattur,2027,607,104,635853,,9483329536,,,,,,,,104,,
3186,YLG/023,YLG/023,Govindasamy N. R (Joseph),,,St. Francis Xavier Anbiyam,,,1,Approved,t,t,2015-07-24,2022-07-11,1394,4125,26809,,Family Permanent,,Annually,,,f,,f,,1,,,,,Yelagiri Hillis,2027,607,104,635853,,9486939644,,,,,,,,104,,
3187,YLG/024,YLG/024,Immanuel & Priya,,,Arockiya Annai Anbiyam,,208,1,Approved,t,t,2015-07-24,2022-07-11,1394,4125,26809,,Family Permanent,,Annually,,,f,,t,2014-06-30,1,Rent,,"244, Guezou Nagar",,Yelagiri Hills,2027,607,104,635853,,9629146030,,,,,,,,104,,
3189,YLG/025,YLG/025,Jayapalan Xavier Raja,,,Arockiya Annai Anbiyam,,208,1,Approved,t,t,2015-07-24,2022-07-11,1394,4125,26809,,Family Permanent,,Annually,,,f,,f,,1,,,Guezou Nagar,,Yelagiri Hills,2027,607,104,635853,,9486149678,,,,,,,,104,,
3190,YLG/026,YLG/026,Jeswanth Jonas,,,St. Francis Xavier Anbiyam,,,1,Approved,t,t,2015-07-24,2022-07-11,1394,4125,26809,,Family Permanent,,Annually,,,f,,t,1980-06-01,1,,,,,Yelagiri Hillis,2027,607,104,635853,,9159416404,,,,,,,,104,,
3191,YLG/027,YLG/027,John Britto J,,,St. Francis Xavier Anbiyam,,,1,Approved,t,t,2015-07-24,2022-07-11,1394,4125,26809,,Family Permanent,,Annually,,,f,,f,,1,,,,,Yelagiri Hillis,2027,607,104,635853,,9894368426,,,,,,,,104,,
3192,YLG/028,YLG/028,John Sathiyanathan S,,,Arockiya Annai Anbiyam,,208,1,Approved,t,t,2018-01-01,2022-07-11,1394,4125,26809,,Family Permanent,,Annually,,,f,,t,1990-07-12,4,Own,,Perumal Koil Street,,Yelagiri Hills,2027,607,104,635853,,9786511977,johnroseline123@gmail.com,,,,,,,104,,
3193,YLG/029,YLG/029,John Stephen N,,,Arockiya Annai Anbiyam,,208,1,Approved,t,t,2018-01-01,2022-07-11,1394,4125,26809,,Family Permanent,,Annually,,,f,,t,2001-05-02,4,Rent,,Near State Bank,,Yelagiri Hills,2027,607,104,635853,,9442302047,,,,,,,,104,,
3194,YLG/030,YLG/030,Joseph Velukumar,,,St. Francis Xavier Anbiyam,,,1,Approved,t,t,2015-07-24,2022-07-11,1394,4125,26809,,Family Permanent,,Annually,,,f,,t,2013-05-31,1,Rent,,,,Yelagiri Hillis,2027,607,104,635853,,9976540720,,,,,,,,104,,
3195,YLG/031,YLG/031,Leo Anbarasan,,,Arockiya Annai Anbiyam,,208,1,Approved,t,t,2015-07-24,2022-07-11,1394,4125,26809,,Family Permanent,,Annually,,,f,,t,1998-07-14,1,Rent,, ,,Yelagiri Hills,2027,607,104,635853,,9751231933,,,,,,,,104,,
3196,YLG/032,YLG/032,Leo Maria Francis,,,St. Francis Xavier Anbiyam,,,1,Approved,t,t,2015-07-24,2022-07-11,1394,4125,26809,,Family Permanent,,Annually,,,f,,t,1994-01-26,1,,,Athanavur,,Yelagiri Hillis,2027,607,104,635853,,7639034964,helenbridgith@gmail.com,,,,,,,104,,
3197,YLG/033,YLG/033,Louis Nathan,,,St. Joseph Anbiyam,,208,1,Approved,t,t,2015-07-24,2022-07-11,1394,4125,26809,,Family Permanent,,Annually,,,f,,t,2013-01-23,1,Own,,3/123,,Yelagiri Hillis,2027,607,104,635853,,9884385420,,,,,,,,104,,
3198,YLG/034,YLG/034,Lourdu Pichai A,,,St. Francis Xavier Anbiyam,,208,1,Approved,t,t,2015-07-24,2022-07-11,1394,4125,26809,,Family Permanent,,Annually,,,f,,t,2000-11-09,1,Own,,No. 196/3-B,,Yelagiri Hillis,2027,607,104,635853,,9486939644,lourdu@gmail.com,,,,,,,104,,
3199,YLG/035,YLG/035,Madhalaisamy S,,,Arockiya Annai Anbiyam,,208,1,Approved,t,t,2018-01-01,2022-07-11,1394,4125,26809,,Family Permanent,,Annually,,,f,,t,1995-05-25,4,Own,,Athanavur,,Yelagiri Hills,2027,607,104,635853,,8489898420,,,,,,,,104,,
3200,YLG/036,YLG/036,Maria Krishnan G,,,Arockiya Annai Anbiyam,,208,1,Approved,t,t,2018-01-01,2022-07-11,1394,4125,26809,,Family Permanent,,Annually,,,f,,t,2000-01-09,1,Own,,"266, Mariyamman Kovil St",,Yelagiri Hills,2027,607,104,635853,,9698107626,,,,,,,,104,,
3201,YLG/037,YLG/037,Mary Jecintha Jagatha,,,St. Francis Xavier Anbiyam,,,1,Approved,t,t,2015-07-24,2022-07-11,1394,4125,26809,,Family Permanent,,Annually,,,f,,t,1958-10-19,1,,,,,Yelagiri Hillis,2027,607,104,635853,,9884486858,,,,,,,,104,,
3202,YLG/038,YLG/038,Mathew J.,,,St. Joseph Anbiyam,,208,1,Approved,t,t,2019-02-06,2022-07-11,1394,4125,26809,,Family Permanent,,Annually,,,f,,t,2010-08-15,4,Rent,,S/o Joseph Antony,Arunachalam Pungam,Yelagiri Hills,2027,607,104,635853,,9751949294,,,,,,,,104,,
3203,YLG/039,YLG/039,Matthew,,,St. Joseph Anbiyam,,,1,Approved,t,t,2015-07-24,2022-07-11,1394,4125,26809,,Family Permanent,,Annually,,,f,,f,,1,Rent,,,,Yelagiri Hillis,2027,607,104,635853,,9786681847,,,,,,,,104,,
3204,YLG/040,YLG/040,Michael Dominic Smith,,,Arockiya Annai Anbiyam,,208,1,Approved,t,t,2015-07-24,2022-07-11,1394,4125,26809,,Family Permanent,,Annually,,,f,,t,1998-12-26,1,Own,,Near VSK Lodge,,Yelagiri Hills,2027,607,104,635853,,9884607132,,,,,,,,104,,
3205,YLG/041,YLG/041,Michael S,,,St. Francis Xavier Anbiyam,,,1,Approved,t,t,2015-07-24,2022-07-11,1394,4125,26809,,Family Permanent,,Annually,,,f,,f,,1,,,,,Yelagiri Hillis,2027,607,104,635853,,9751949294,,,,,,,,104,,
3206,YLG/042,YLG/042,Monnan,,,St. Joseph Anbiyam,,208,1,Approved,t,t,2019-02-06,2022-07-11,1394,4125,26809,,Family Permanent,,Annually,,,f,,f,,1,Rent,,3/123 Kottaiyur P.O,,Tirupattur,2027,607,104,635853,,9626639636,sclamnent@gmail.com,,,,,,,104,,
3207,YLG/043,YLG/043,Mudiyappan A.,,,Arockiya Annai Anbiyam,,208,1,Approved,t,t,2018-01-01,2022-07-11,1394,4125,26809,,Family Permanent,,Annually,,,f,,f,,4,Rent,,Thayaloor,,Yelagiri Hills,2027,607,104,635853,,9597568552,,,,,,,,104,,
3208,YLG/044,YLG/044,Narchaithi Alwar,,,St. Francis Xavier Anbiyam,,208,1,Approved,t,t,2015-07-24,2022-07-11,1394,4125,26809,,Family Permanent,,Annually,,,f,,f,,1,Rent,,"454, Near Mino Tower",,Yelagiri Hills,2027,607,104,635853,,9443874639,,,,,,,,104,,
3209,YLG/045,YLG/045,Noel Regel & Pasca Mary,,,Arockiya Annai Anbiyam,,208,1,Approved,t,t,2016-05-02,2022-07-11,1394,4125,26809,,Family Permanent,,Annually,,,f,,t,2015-10-19,1,Rent,,Punganoor,,Yelagiri Hills,2027,607,104,635853,,,,,,,,,,104,,
3210,YLG/046,YLG/046,Pathrose,,,St. Joseph Anbiyam,,208,1,Approved,t,t,2015-07-24,2022-07-11,1394,4125,26809,,Family Permanent,,Annually,,,f,,t,1999-01-10,1,Rent,, No.41,,Yelagiri Hills,2027,607,104,635853,,9444610904,,,,,,,,104,,
3211,YLG/047,YLG/047,Pauline Pereira,,,Arockiya Annai Anbiyam,,208,1,Approved,t,t,2015-07-24,2022-07-11,1394,4125,26809,,Family Permanent,,Annually,,,f,,f,,1,,, ,,Yelagiri Hills,2027,607,104,635853,,9884626442,,,,,,,,104,,
3212,YLG/048,YLG/048,Philip Newman,,,Arockiya Annai Anbiyam,,208,1,Approved,t,t,2015-07-24,2022-07-11,1394,4125,26809,,Family Permanent,,Annually,,,f,,f,,1,Rent,,"104, White Gate",,Yelagiri Hills,2027,607,104,635853,,8940531599,,,,,,,,104,,
3213,YLG/049,YLG/049,Prassanna & Ancy,,,Arockiya Annai Anbiyam,,208,1,Approved,t,t,2016-05-02,2022-07-11,1394,4125,26809,,Family Permanent,,Annually,,,f,,f,,1,Rent,,Punganoor,,Yelagiri Hills,2027,607,104,635853,,9843714411,,,,,,,,104,,
3214,YLG/050,YLG/050,Pushpa (W/o Lourdunathan),,,Arockiya Annai Anbiyam,,208,1,Approved,t,t,2015-07-24,2022-07-11,1394,4125,26809,,Family Permanent,,Annually,,,f,,f,,1,Own,,Micor Tower,,Yelagiri Hills,2027,607,104,635853,,9486149678,,,,,,,,104,,
3215,YLG/051,YLG/051,Puspharaj S,,,St. Joseph Anbiyam,,208,1,Approved,t,t,2015-07-24,2022-07-11,1394,4125,26809,,Family Permanent,,Annually,,,f,,t,1997-11-20,4,Own,,Spring Field Garden,,Yelagiri Hillis,2027,607,104,635853,,9976540720,,,,,,,,104,,
3216,YLG/052,YLG/052,Rajathi,,,St. Joseph Anbiyam,,,1,Approved,t,t,2015-07-24,2022-07-11,1394,4125,26809,,Family Permanent,,Annually,,,f,,f,,1,Rent,,,,Yelagiri Hillis,2027,607,104,635853,,7639984476,,,,,,,,104,,
3217,YLG/053,YLG/053,Royston Pereira,,,St. Joseph Anbiyam,,134,1,Approved,t,t,2015-07-24,2022-07-11,1394,4125,26809,,Family Permanent,,Annually,,,f,,f,,1,Own,,Kozee Kaues Lane,,Yelagiri Hillis,2027,607,104,635853,,9884486858,prayston2007@gmail.com,,,,,,,104,,
3218,YLG/054,YLG/054,Sagaya Mary   A,,,Arockiya Annai Anbiyam,,208,1,Approved,t,t,2015-07-24,2022-07-11,1394,4125,26809,,Family Permanent,,Annually,,,f,,f,,1,Rent,,Mariyamman Kovil St,,Yelagiri Hills,2027,607,104,635853,,9003957929,,,,,,,,104,,
3219,YLG/055,YLG/055,Sagaya Raj,,,St. Francis Xavier Anbiyam,,,1,Approved,t,t,2015-07-24,2022-07-11,1394,4125,26809,,Family Permanent,,Annually,,,f,,t,1996-05-24,1,Own,,,,Yelagiri Hillis,2027,607,104,635853,,9442357631,,,,,,,,104,,
3220,YLG/056,YLG/056,Sahayaraj,,,St. Joseph Anbiyam,,208,1,Approved,t,t,2015-07-24,2022-07-11,1394,4125,26809,,Family Permanent,,Annually,,,f,,t,2002-07-18,1,Own,,C/o A.Nasi,Boat House Road,Yelagiri Hillis,2027,607,104,635853,,7639034964,helenbridgith@gmail.com,,,,,,,104,,
3188,YLG/057,YLG/057,Immanuvel,,,St. Francis Xavier Anbiyam,,208,1,Approved,t,t,2019-02-06,2022-07-11,1394,4125,26809,,Family Permanent,,Annually,,,f,,t,2018-05-25,4,Rent,,"C/o Subramani, No.496",Athanavur,Tirupattur,2027,607,104,635853,,9751097321,im@dbcyelagiri.edu.in,,,,,,,104,,
3221,YLG/058,YLG/058,Savarimuthu & Theresha,,,Arockiya Annai Anbiyam,,208,1,Approved,t,t,2015-07-24,2022-07-11,1394,4125,26809,,Family Permanent,,Annually,,,f,,f,,1,Own,,"244,Guezou Nagar",,Yelagiri Hills,2027,607,104,635853,,9786648924,,,,,,,,104,,
3222,YLG/059,YLG/059,Savariraj,,,St. Joseph Anbiyam,,,1,Approved,t,t,2015-08-16,2022-07-11,1394,4125,26809,,Family Permanent,,Annually,,,f,,f,,1,Own,,,,Yelagiri Hillis,2027,607,104,635853,,,pathrose2009@gmail.com,,,,,,,104,,
3223,YLG/060,YLG/060,Selvam A,,,Arockiya Annai Anbiyam,,208,1,Approved,t,t,2015-07-24,2022-07-11,1394,4125,26809,,Family Permanent,,Annually,,,f,,f,,1,Own,, ,,Yelagiri Hills,2027,607,104,635853,,9894804419,,,,,,,,104,,
3224,YLG/061,YLG/061,Shinoj Robert,,,Arockiya Annai Anbiyam,,208,1,Approved,t,t,2015-07-24,2022-07-11,1394,4125,26809,,Family Permanent,,Annually,,,f,,t,2014-09-11,1,Rent,,Mariyamman Kovil St,,Yelagiri Hills,2027,607,104,635853,,9943464340,,,,,,,,104,,
3225,YLG/062,YLG/062,Stephen E,,,St. Joseph Anbiyam,,208,1,Approved,t,t,2015-07-24,2022-07-11,1394,4125,26809,,Family Permanent,,Annually,,,f,,t,2000-04-24,4,Rent,,Punganoor,,Yelagiri Hills,2027,607,104,635853,,8270988234,,,,,,,,104,,
3226,YLG/063,YLG/063,Subramaniyam C.,,,Arockiya Annai Anbiyam,,208,1,Approved,t,t,2015-07-24,2022-07-11,1394,4125,26809,,Family Permanent,,Annually,,,f,,f,,1,Own,,Mariyamman Kovil St,,Yelagiri Hills,2027,607,104,635853,,9442357612,,,,,,,,104,,
3227,YLG/064,YLG/064,Sundaram,,,St. Joseph Anbiyam,,208,1,Approved,t,t,2015-07-24,2022-07-11,1394,4125,26809,,Family Permanent,,Annually,,,f,,f,,1,Own,,Punganoor,,Yelagiri Hillis,2027,607,104,635853,,9626113655,maradnus@gmail.com,,,,,,,104,,
3228,YLG/065,YLG/065,Sylvia,,,Arockiya Annai Anbiyam,,208,1,Approved,t,t,2015-07-24,2022-07-11,1394,4125,26809,,Family Permanent,,Annually,,,f,,f,,1,Rent,,Mariyamman Koil Street,,Yelagiri Hills,2027,607,104,635853,,9940370524,,,,,,,,104,,
3229,YLG/066,YLG/066,Theresa S,,,Arockiya Annai Anbiyam,,208,1,Approved,t,t,2019-02-06,2022-07-11,1394,4125,26809,,Family Permanent,,Annually,,,f,,f,,1,Own,,Geuzou Nagar,Athanavur,Tirupattur,2027,607,104,635853,,9994269171,anbudorthy@gmail.com,,,,,,,104,,
3230,YLG/067,YLG/067,Thris Raj Kumar,,,St. Francis Xavier Anbiyam,,,1,Approved,t,t,2016-05-02,2022-07-11,1394,4125,26809,,Family Permanent,,Annually,,,f,,t,2010-06-11,1,Rent,,Athanavur,,Yelagiri Hillis,2027,607,104,635853,,9700406386,,,,,,,,104,,
3231,YLG/068,YLG/068,Victor A.,,,St. Francis Xavier Anbiyam,,208,1,Approved,t,t,2019-02-06,2022-07-11,1394,4125,26809,,Family Permanent,,Annually,,,f,,f,,1,Rent,,Athanavur,,Tirupattur,2027,607,104,635853,,8098737773,avictorarun@gmail.com,,,,,,,104,,
3232,YLG/069,YLG/069,Vimala T,,,St. Joseph Anbiyam,,,1,Approved,t,t,2015-07-24,2022-07-11,1394,4125,26809,,Family Permanent,,Annually,,,f,,f,,1,Rent,,,,Yelagiri Hillis,2027,607,104,635853,,,,,,,,,,104,,
