family_id,family_name,member_name,gender,member_mobile,member_email
3165,Albert & Agnes,Adaikala Abinaya A,Female,9447523576,
3165,Albert & Agnes,Agnes Mary A,Female,9442357675,albert@gmail.com
3165,Albert & Agnes,Albert Ratchagar B.,Male,9700406386,albert@gmail.com
3165,Albert & Agnes,Suriya Prakash A,Male,9447523576,
3166,Alister Michel,Alister Michel,Male,9840135257,
3166,Alister Michel,Petronella,Female,,
3167,Antonyraj S,Antonyraj S,Female,9786958397,
3168,Antony Raj S,Anciy Roomi A.,Female,,
3168,Antony Raj S,Ani Elitia A,Female,,
3168,Antony Raj S,Roselin A.,Female,7639998319,
3169,Antony. S,Anthony S,Male,9786668081,
3169,Antony. S,Feula S.,Female,,
3169,Antony. S,Maria Pepin A.,Male,,
3170,Antony Selvan P.,A Sapphire  Chrispin,Female,,
3170,Antony Selvan P.,Antony Selvan P.,Male,9791112779,selvapang@gmail.com
3170,Antony Selvan P.,Cathrine Suganya,Female,8248374293,sukkucathrine@gmail.com
3170,Antony Selvan P.,Siara Chrispin A.,Female,9791112779,
3171,Antony Yash,Antony Yash,Male,,
3171,Antony Yash,Reena Mary,Female,,
3172,Arokiamary R,Arokiamary R,Female,9003546479,
3172,Arokiamary R,Gnanaprakash Raj,Male,8098265304,
3173,Arokiaraj Prem Kumar,Arokiaraj Prem Kumar,Male,9962352796,
3173,Arokiaraj Prem Kumar,Jayalakshmi A.,Female,9962352796,
3173,Arokiaraj Prem Kumar,Mary Maheswari.A,Female,9962352796,
3173,Arokiaraj Prem Kumar,Rakshan Mary,Female,9962352796,
3174,Arul A,Arokia Mary A.,Female,,
3174,Arul A,Arul A,Male,9442357631,
3174,Arul A,Ramya Mary A.,Female,,
3174,Arul A,Shanthi Mary A.,Female,9843334203,
3174,Arul A,Stanley Robin A.,Male,,
3175,Arul Raj S,Amalesh A.,Male,,
3175,Arul Raj S,Arul Raj S,Male,9486335368,
3175,Arul Raj S,Maria Madalena Mary D.,Female,,
3176,Arul S.,Anitha Jose J,Female,9940756735,
3176,Arul S.,Arul S.,Male,9442357506,arulanitha79@gmail.com
3176,Arul S.,Jefflin Shrina A,Female,,
3177,Asuntha Mary,Asuntha Mary,Female,9176598329,
3177,Asuntha Mary,John Mariamuthu,Male,9176598329,amjohn_mari@yahoo.co.in
3177,Asuntha Mary,Joseph Antony,Male,9176598329,
3178,Aurelia Whittle Bartley,Aurelia Whittle Bartley,Female,8148877149,
3179,Chandra Shekar B.,Ajith Shekar,Male,,
3179,Chandra Shekar B.,Chandra Sekar B.,Male,,
3179,Chandra Shekar B.,Ezhil Arasi,Female,,
3179,Chandra Shekar B.,Harishita Shekar,Female,,
3180,Christuraj A,Christuraj A,Male,9443099271,kairosylg@gmail.com
3180,Christuraj A,Jaya Mary A.,Female,,
3180,Christuraj A,Jaycel Marion Raj C.,Female,,
3180,Christuraj A,Jeffrey Raj Guezou C.,Male,,
3181,Clement Arun Jerry,Jorgin Mary,Female,,
3182,Dayalan W,Danny Stephen D.,Male,9566690193,stephendanny21@gmail.com
3182,Dayalan W,Dayalan W,Male,9443629525,dayacaroylg@gmail.com
3182,Dayalan W,Karoline A.,Female,9442357707,
3182,Dayalan W,Sibi Francis D.,Male,9597953016,sibifrancisd@gmail.com
3183,Erroel Vogt (Peter),Erroel Vogt (Peter),Male,9442357711,
3183,Erroel Vogt (Peter),Joqulin Vogt,Female,,
3183,Erroel Vogt (Peter),Veronica Gomes,Female,,
3184,Gerold Francis,Anthumary,Female,9047879704,
3184,Gerold Francis,Gerold Francis,Male,9159416404,
3184,Gerold Francis,Mariadass Immanuvel,Male,8940766695,
3184,Gerold Francis,Marina Florance,Female,9047879704,
3185,Gnanapragasam S,Andriya G,Female,,
3185,Gnanapragasam S,Anitha Mary,Female,,
3185,Gnanapragasam S,Gana Prakasam S,Male,9894368426,
3186,Govindasamy N. R (Joseph),Jacintha (A) Radha G.,Female,,
3186,Govindasamy N. R (Joseph),Joseph (Govindasamy N. R),Male,,
3186,Govindasamy N. R (Joseph),Kavitha G.,Female,,
3187,Immanuel & Priya,I Evangeline  Ria,Female,,
3187,Immanuel & Priya,S Immanuel Kumar,Male,9629146030,imman.Kumar@gmail.com
3187,Immanuel & Priya,S Priya Dharshini,Female,9791648375,dharshinimegalai@gmail.com
3189,Jayapalan Xavier Raja,Avilash X.,Male,,
3189,Jayapalan Xavier Raja,Avisekh X.,Male,9486149678,
3189,Jayapalan Xavier Raja,Jayapalan Xavier Raja,Male,9486149678,
3189,Jayapalan Xavier Raja,Kavitha Mary G.,Female,9486149678,
3190,Jeswanth Jonas,Jeswanth Jonas,Male,9444799499,
3191,John Britto J,Jenifer Angelin J.,Female,,
3191,John Britto J,John Britto J,Male,9790535586,
3191,John Britto J,Mary Sinega J,Female,,
3191,John Britto J,Rose Mary A.,Female,,
3192,John Sathiyanathan S,John Sathiyanathan S,Male,9786511977,
3192,John Sathiyanathan S,Roseline J.,Female,9751006104,
3193,John Stephen N,Angel Kumari V.,Female,9487105551,
3193,John Stephen N,Aslisha J.A.,Female,,
3193,John Stephen N,John Stephen N,Male,9442302047,
3193,John Stephen N,Mervin J.A.,Male,,
3194,Joseph Velukumar,Joseph Velukumar,Male,9655840882,kumarylg@gmail.com
3194,Joseph Velukumar,Maria selvi,Female,,
3194,Joseph Velukumar,Navinadarshani,Female,,
3194,Joseph Velukumar,Santhos Raj,Male,,
3194,Joseph Velukumar,Vivek Parak,Male,,
3195,Leo Anbarasan,Albin Jaison,Male,,
3195,Leo Anbarasan,Joel Roshan,Male,,
3195,Leo Anbarasan,Julia Mary,Female,,
3195,Leo Anbarasan,Leo Anbarasan,Male,9751231933,
3196,Leo Maria Francis,Leo Maria Francis,Male,9442310807,leomariafrancis@yahoo.co.in
3196,Leo Maria Francis,Lin Teresa Maria Francis,Female,,
3196,Leo Maria Francis,Maria Nirmala,Female,,
3196,Leo Maria Francis,Merlin  Cleri Maria Francis,Female,,
3196,Leo Maria Francis,Mervin Louis Maria Francis,Male,,
3197,Louis Nathan,George  Annamalai A,Male,,
3197,Louis Nathan,Haiden,Male,,
3197,Louis Nathan,Louis Nathan G.,Male,9884385420,
3197,Louis Nathan,Ruby Gayathri,Female,,
3198,Lourdu Pichai A,Lourdu Pitchai A,Male,9486939644,
3198,Lourdu Pichai A,Rosario Dhanalakshmi G.,Female,8940671518,
3198,Lourdu Pichai A,Tarun Peter L.,Male,,
3198,Lourdu Pichai A,Tina Shivani L.,Female,,
3199,Madhalaisamy S,Madhalaisamy S,Male,8489898420,
3199,Madhalaisamy S,Maria Nellson,Male,8489782195,
3199,Madhalaisamy S,Praveen Jusu Rathinam M,Male,8489782195,
3199,Madhalaisamy S,Susai Mary K,Female,8489782195,
3200,Maria Krishnan G,Maria Krishnan G,Male,9698107626,
3200,Maria Krishnan G,Mary Meena K.,Female,,
3200,Maria Krishnan G,Vikram Joel Joseph,Male,,
3201,Mary Jecintha Jagatha,Francis Gunasekar K,Male,9500357208,
3201,Mary Jecintha Jagatha,Mary Jecintha Jagatha,Female,,
3202,Mathew J.,Dineal M.,Male,,
3202,Mathew J.,Mary Sathiya S.,Female,,
3202,Mathew J.,Mathew J.,Male,,
3202,Mathew J.,Sweety Princess M.,Female,,
3203,Matthew,Daniel M,Male,,
3203,Matthew,Mary Sathya M,Female,,
3203,Matthew,Matthew Subramaniyan,Male,9751949294,
3204,Michael Dominic Smith,Caroline Francis Smith,Female,,
3204,Michael Dominic Smith,Michael Dominic Smith,Male,9884607132,
3204,Michael Dominic Smith,Ronan Christopher,Male,,
3205,Michael S,Michael S,Male,9786539139,
3205,Michael S,Myla,Female,,
3205,Michael S,Nisha Mary,Female,,
3205,Michael S,Snekan Anto,Male,,
3206,Monnan,Clamentarun Kerry S.,Male,9626639636,
3206,Monnan,Jorgine Ansheela S.,Female,,
3207,Mudiyappan A.,Amal Raj M.,Male,9047178274,
3207,Mudiyappan A.,Charles Raja M,Male,6381091412,
3207,Mudiyappan A.,Leela Mary B,Female,,
3207,Mudiyappan A.,Mudiyappan A,Male,9597568552,
3207,Mudiyappan A.,Robert Sagayam M,Male,9597583616,
3207,Mudiyappan A.,Shakila Vinnarasi,Female,7530079021,
3208,Narchaithi Alwar,Arockia Johnsi Rani,Female,,
3208,Narchaithi Alwar,Narcheithi Alwar,Male,9443874639,
3208,Narchaithi Alwar,Remi Alwin,Male,,
3209,Noel Regel & Pasca Mary,Noel Regel,Male,,
3209,Noel Regel & Pasca Mary,Pasca Mary,Female,,
3210,Pathrose,Avila Blency Rose PV,Female,,
3210,Pathrose,Gracy Viji Rose P.V.,Female,,
3210,Pathrose,Pathrose M,Male,9444610904,
3210,Pathrose,Queen Sweety P.V.,Female,,
3210,Pathrose,Vijila Mary Y,Female,7200212090,
3211,Pauline Pereira,Pauline Pereira,Female,9884626442,
3212,Philip Newman,Monica Celestina A.,Female,,
3212,Philip Newman,Philip Newman,Male,8940531599,
3212,Philip Newman,Rani Philip,Female,,
3213,Prassanna & Ancy,Ancy,Female,9843714411,
3213,Prassanna & Ancy,John Paul Prassanna,Male,9843714411,
3214,Pushpa (W/o Lourdunathan),Arokiya Mary Jothi,Female,,
3214,Pushpa (W/o Lourdunathan),Arun L.,Male,,
3214,Pushpa (W/o Lourdunathan),Gnana Anitha L.,Female,,
3214,Pushpa (W/o Lourdunathan),Irudhaya Mary (A) Pushpa,Female,,
3214,Pushpa (W/o Lourdunathan),Lourdu Nathan R,Male,,
3214,Pushpa (W/o Lourdunathan),Maria Arthi L.,Female,,
3215,Puspharaj S,Lilly Pushpam,Female,9500757303,
3215,Puspharaj S,Puspharaj S,Male,9976540720,
3215,Puspharaj S,Riya P. L,Female,,
3215,Puspharaj S,Ruben Gladwin,Male,9790565871,
3216,Rajathi,Murali,Male,8940389908,
3216,Rajathi,Rajathi,Female,,
3217,Royston Pereira,Pauline P.,Female,,
3217,Royston Pereira,Royston Pereira,Male,9884486858,
3217,Royston Pereira,Shania Pereira,Female,,
3217,Royston Pereira,Suzianne Pereira,Female,,
3218,Sagaya Mary   A,Sagaya Beaulla Joyce,Female,,
3218,Sagaya Mary   A,Sagaya Mary  A.,Female,9003957929,
3219,Sagaya Raj,Infant Maria Franklin S.,Male,,franklinsagayam@gmail.com
3219,Sagaya Raj,Sagaya Raj M,Male,,
3219,Sagaya Raj,Sagaya Selvi M.,Female,,
3219,Sagaya Raj,Sangeetha Rosari S.,Female,,sangeetharosi97@gmail.com
3220,Sahayaraj,Helen Bridgith D.,Female,7639034964,helenmariafewin@gmail.com
3220,Sahayaraj,Maria Antony S.,Male,7639034964,
3220,Sahayaraj,Richard Maria Fewin S.,Male,7639034964,
3220,Sahayaraj,Sahayaraj K,Male,7639034964,
3188,Immanuvel,Ashlyn Merida,Female,,
3188,Immanuvel,Dona Mercy,Female,9600326431,donamercy29@gmail.com
3188,Immanuvel,Immanuvel,Male,9751097321,imman.shc@gmail.com
3221,Savarimuthu & Theresha,Savari Muthu  S.,Male,9786648924,
3221,Savarimuthu & Theresha,Theresha L.,Female,9786648924,
3222,Savariraj,Anitha Mary V.,Female,,
3222,Savariraj,Christuraja,Male,,
3222,Savariraj,Geetha Mary V.,Female,,
3222,Savariraj,Roslin Mary C,Female,,
3222,Savariraj,Rubi Rani Mary S.,Female,,
3222,Savariraj,Savari Raj B (Sagayam),Male,,
3222,Savariraj,Soundri Mary S.,Female,,
3223,Selvam A,Gracy S.,Female,9894804419,
3223,Selvam A,Selvam A,Male,9894804419,
3223,Selvam A,Thenmozhi S.,Female,9894804419,
3224,Shinoj Robert,Angel Rani,Female,9943464340,
3224,Shinoj Robert,Shinoj Robert,Male,9943464340,
3225,Stephen E,Anuciya Mary N,Female,,
3225,Stephen E,Harish Christoper S.,Male,,
3225,Stephen E,John Bosco P,Male,,
3225,Stephen E,Mary M.,Female,,
3225,Stephen E,Moses Shyam S.,Male,,
3225,Stephen E,Sneha Priya S.,Female,,
3225,Stephen E,Stephen E,Male,8270988234,
3226,Subramaniyam C.,Sahayamary S.,Female,,
3226,Subramaniyam C.,Subramaniyam C.,Male,9442357612,
3227,Sundaram,Christina S.,Female,,
3227,Sundaram,Christopher S.,Male,,
3227,Sundaram,Isabella Rani M.,Female,9442369483,
3227,Sundaram,Monica Ezhilarose S.,Female,,
3227,Sundaram,William Sundaram M.,Male,9626113655,maradnus@gmail.com
3228,Sylvia,Andriya,Female,,
3228,Sylvia,Joseph,Male,,
3228,Sylvia,Sylvia,Female,9940370524,
3229,Theresa S,Adrian Don Clint A.,Male,,
3229,Theresa S,Allister A.,Male,,
3229,Theresa S,Anbarasan S,Male,9994269171,anbudorthy@gmail.com
3229,Theresa S,Shantha Mariya Dorty,Female,9952354975,
3229,Theresa S,Theresa S,Female,9786648924,
3230,Thris Raj Kumar,Alphones Iyane,Female,,
3230,Thris Raj Kumar,Amali Theya,Female,,
3230,Thris Raj Kumar,Anu Elizebeth,Female,,
3230,Thris Raj Kumar,John Mathew,Male,,
3230,Thris Raj Kumar,Mary Premila,Female,,
3230,Thris Raj Kumar,Theris Raj Kumar,Male,9700406386,
3231,Victor A.,Shakila C.V.,Female,9751644592,
3231,Victor A.,Victor A.,Male,8098737773,
3232,Vimala T,Rose Gladin A.G,Female,,
3232,Vimala T,Rose Gladson A.G,Male,9159640103,gladson.bits@gmail.com
3232,Vimala T,Rose King A.G.,Male,,
3232,Vimala T,Vimala T,Female,9787370109,
