family_id,family_card_number,register_number,family_name,family_head_name,basic_christian_community,zone_id,language_community_id,rite_id,status,active,active_in_parish,registration_date,exit_date,diocese_id,vicariate_id,parish_id,sub_station_id,settled_as,income,income_type,economic_status,cemetery_no,civil_marriage,civil_marriage_date,church_marriage,church_marriage_date,house_type_id,house_ownership,rent_amount,address_line_1,street_2,city,district_id,state_id,country_id,zip,phone,mobile,email,same_as_above,permanent_street,permanent_street2,permanent_city,permanent_district_id,permanent_state_id,permanent_country_id,permanent_zip,comment,member_name,gender,member_mobile,member_email
3165,YLG/001,YLG/001,Albert & Agnes,,Arockiya Annai Anbiyam,,208,1,Approved,t,t,2018-01-01,2022-07-11,1394,4125,26809,,Family Permanent,,Annually,,,f,,t,1996-06-23,1,Rent,,"244, Guezou Nagar",,Yelagiri Hills,2027,607,104,635853,,9442357675,,,,,,,,104,,,Adaikala Abinaya A,Female,9447523576,
3165,YLG/001,YLG/001,Albert & Agnes,,Arockiya Annai Anbiyam,,208,1,Approved,t,t,2018-01-01,2022-07-11,1394,4125,26809,,Family Permanent,,Annually,,,f,,t,1996-06-23,1,Rent,,"244, Guezou Nagar",,Yelagiri Hills,2027,607,104,635853,,9442357675,,,,,,,,104,,,Agnes Mary A,Female,9442357675,albert@gmail.com
3165,YLG/001,YLG/001,Albert & Agnes,,Arockiya Annai Anbiyam,,208,1,Approved,t,t,2018-01-01,2022-07-11,1394,4125,26809,,Family Permanent,,Annually,,,f,,t,1996-06-23,1,Rent,,"244, Guezou Nagar",,Yelagiri Hills,2027,607,104,635853,,9442357675,,,,,,,,104,,,Albert Ratchagar B.,Male,9700406386,albert@gmail.com
3165,YLG/001,YLG/001,Albert & Agnes,,Arockiya Annai Anbiyam,,208,1,Approved,t,t,2018-01-01,2022-07-11,1394,4125,26809,,Family Permanent,,Annually,,,f,,t,1996-06-23,1,Rent,,"244, Guezou Nagar",,Yelagiri Hills,2027,607,104,635853,,9442357675,,,,,,,,104,,,Suriya Prakash A,Male,9447523576,
3166,YLG/002,YLG/002,Alister Michel,,Arockiya Annai Anbiyam,,208,1,Approved,t,t,2015-07-24,2022-07-11,1394,4125,26809,,Family Permanent,,Annually,,,f,,f,,1,Own,,246/3,,Yelagiri Hills,2027,607,104,635853,,9840135257,,,,,,,,104,,,Alister Michel,Male,9840135257,
3166,YLG/002,YLG/002,Alister Michel,,Arockiya Annai Anbiyam,,208,1,Approved,t,t,2015-07-24,2022-07-11,1394,4125,26809,,Family Permanent,,Annually,,,f,,f,,1,Own,,246/3,,Yelagiri Hills,2027,607,104,635853,,9840135257,,,,,,,,104,,,Petronella,Female,,
3167,YLG/008,YLG/004,Antonyraj S,,Arockiya Annai Anbiyam,,208,1,Approved,t,t,2015-07-24,2022-07-11,1394,4125,26809,,Family Permanent,,Annually,,,f,,f,,1,,,Near Indian Bank,,Yelagiri Hills,2027,607,104,635853,,9786958397,,,,,,,,104,,,Antonyraj S,Female,9786958397,
39743,YLG/004,YLG/004,Antonyraj S,,Arockiya Annai Anbiyam,,,1,Approved,t,f,2015-07-24,2023-02-02,1394,4125,26809,,Family Permanent,0,Monthly,,,f,,f,,1,Own,,Near Indian Bank,Athanavur,Yelagiri Hills,2035,607,105,635853,,9786958397,,t,Near Indian Bank,"Athanavur, Athanavur",Yelagiri Hills,2035,607,104,635853,,,,,
3168,YLG/004,YLG/005,Antony Raj S,,Arockiya Annai Anbiyam,,208,1,Approved,t,t,2018-01-01,2022-07-11,1394,4125,26809,,Family Permanent,,Annually,,,f,,t,2004-04-29,4,Own,, 2-279,,Yelagiri Hills,2027,607,104,635853,,9943626319,,,,,,,,104,,,Anciy Roomi A.,Female,,
3168,YLG/004,YLG/005,Antony Raj S,,Arockiya Annai Anbiyam,,208,1,Approved,t,t,2018-01-01,2022-07-11,1394,4125,26809,,Family Permanent,,Annually,,,f,,t,2004-04-29,4,Own,, 2-279,,Yelagiri Hills,2027,607,104,635853,,9943626319,,,,,,,,104,,,Ani Elitia A,Female,,
3168,YLG/004,YLG/005,Antony Raj S,,Arockiya Annai Anbiyam,,208,1,Approved,t,t,2018-01-01,2022-07-11,1394,4125,26809,,Family Permanent,,Annually,,,f,,t,2004-04-29,4,Own,, 2-279,,Yelagiri Hills,2027,607,104,635853,,9943626319,,,,,,,,104,,,Roselin A.,Female,7639998319,
3169,YLG/007,YLG/006,Antony. S,,St. Francis Xavier Anbiyam,,208,1,Approved,t,t,2015-07-24,2022-07-11,1394,4125,26809,,Family Permanent,,Annually,,,f,,f,,1,,,"503, Near St. Charles School",,Yelagiri Hills,2027,607,104,635853,,9786668081,,,,,,,,104,,,Anthony S,Male,9786668081,
3169,YLG/007,YLG/006,Antony. S,,St. Francis Xavier Anbiyam,,208,1,Approved,t,t,2015-07-24,2022-07-11,1394,4125,26809,,Family Permanent,,Annually,,,f,,f,,1,,,"503, Near St. Charles School",,Yelagiri Hills,2027,607,104,635853,,9786668081,,,,,,,,104,,,Feula S.,Female,,
3169,YLG/007,YLG/006,Antony. S,,St. Francis Xavier Anbiyam,,208,1,Approved,t,t,2015-07-24,2022-07-11,1394,4125,26809,,Family Permanent,,Annually,,,f,,f,,1,,,"503, Near St. Charles School",,Yelagiri Hills,2027,607,104,635853,,9786668081,,,,,,,,104,,,Maria Pepin A.,Male,,
3170,YLG/005,YLG/007,Antony Selvan P.,,St. Joseph Anbiyam,,208,1,Approved,t,t,2019-02-07,2022-07-11,1394,4125,26809,,Family Permanent,,Annually,,,f,,f,2015-05-20,4,Rent,,Spring Field Garden,Punganoor,Yelagiri Hills,2027,607,104,635853,,9791112779,selvapang@gmail.com,,,,,,,104,,,Antony Selvan P.,Male,9791112779,selvapang@gmail.com
3170,YLG/005,YLG/007,Antony Selvan P.,,St. Joseph Anbiyam,,208,1,Approved,t,t,2019-02-07,2022-07-11,1394,4125,26809,,Family Permanent,,Annually,,,f,,f,2015-05-20,4,Rent,,Spring Field Garden,Punganoor,Yelagiri Hills,2027,607,104,635853,,9791112779,selvapang@gmail.com,,,,,,,104,,,A Sapphire  Chrispin,Female,,
3170,YLG/005,YLG/007,Antony Selvan P.,,St. Joseph Anbiyam,,208,1,Approved,t,t,2019-02-07,2022-07-11,1394,4125,26809,,Family Permanent,,Annually,,,f,,f,2015-05-20,4,Rent,,Spring Field Garden,Punganoor,Yelagiri Hills,2027,607,104,635853,,9791112779,selvapang@gmail.com,,,,,,,104,,,Cathrine Suganya,Female,8248374293,sukkucathrine@gmail.com
3170,YLG/005,YLG/007,Antony Selvan P.,,St. Joseph Anbiyam,,208,1,Approved,t,t,2019-02-07,2022-07-11,1394,4125,26809,,Family Permanent,,Annually,,,f,,f,2015-05-20,4,Rent,,Spring Field Garden,Punganoor,Yelagiri Hills,2027,607,104,635853,,9791112779,selvapang@gmail.com,,,,,,,104,,,Siara Chrispin A.,Female,9791112779,
3171,YLG/006,YLG/008,Antony Yash,,St. Francis Xavier Anbiyam,,208,1,Approved,t,t,2016-05-02,2022-07-11,1394,4125,26809,,Family Permanent,,Annually,,,f,,t,2013-05-12,1,Own,,Punganoor,,Yelagiri Hills,2027,607,104,635853,,,,,,,,,,104,,,Antony Yash,Male,,
3171,YLG/006,YLG/008,Antony Yash,,St. Francis Xavier Anbiyam,,208,1,Approved,t,t,2016-05-02,2022-07-11,1394,4125,26809,,Family Permanent,,Annually,,,f,,t,2013-05-12,1,Own,,Punganoor,,Yelagiri Hills,2027,607,104,635853,,,,,,,,,,104,,,Reena Mary,Female,,
3172,YLG/009,YLG/009,Arokiamary R,,Arockiya Annai Anbiyam,,208,1,Approved,t,t,2015-07-24,2022-07-11,1394,4125,26809,,Family Permanent,,Annually,,,f,,f,,1,Rent,,Near Indian Bank,,Yelagiri Hills,2027,607,104,635853,,9003546479,,,,,,,,104,,,Arokiamary R,Female,9003546479,
3172,YLG/009,YLG/009,Arokiamary R,,Arockiya Annai Anbiyam,,208,1,Approved,t,t,2015-07-24,2022-07-11,1394,4125,26809,,Family Permanent,,Annually,,,f,,f,,1,Rent,,Near Indian Bank,,Yelagiri Hills,2027,607,104,635853,,9003546479,,,,,,,,104,,,Gnanaprakash Raj,Male,8098265304,
3173,YLG/010,YLG/010,Arokiaraj Prem Kumar,,Arockiya Annai Anbiyam,,208,1,Approved,t,t,2018-01-01,2022-07-11,1394,4125,26809,,Family Permanent,,Annually,,,f,,f,,1,Own,,159/B,,Yelagiri Hills,2027,607,104,635853,,9962352796,,,,,,,,104,,,Arokiaraj Prem Kumar,Male,9962352796,
3173,YLG/010,YLG/010,Arokiaraj Prem Kumar,,Arockiya Annai Anbiyam,,208,1,Approved,t,t,2018-01-01,2022-07-11,1394,4125,26809,,Family Permanent,,Annually,,,f,,f,,1,Own,,159/B,,Yelagiri Hills,2027,607,104,635853,,9962352796,,,,,,,,104,,,Jayalakshmi A.,Female,9962352796,
3173,YLG/010,YLG/010,Arokiaraj Prem Kumar,,Arockiya Annai Anbiyam,,208,1,Approved,t,t,2018-01-01,2022-07-11,1394,4125,26809,,Family Permanent,,Annually,,,f,,f,,1,Own,,159/B,,Yelagiri Hills,2027,607,104,635853,,9962352796,,,,,,,,104,,,Mary Maheswari.A,Female,9962352796,
3173,YLG/010,YLG/010,Arokiaraj Prem Kumar,,Arockiya Annai Anbiyam,,208,1,Approved,t,t,2018-01-01,2022-07-11,1394,4125,26809,,Family Permanent,,Annually,,,f,,f,,1,Own,,159/B,,Yelagiri Hills,2027,607,104,635853,,9962352796,,,,,,,,104,,,Rakshan Mary,Female,9962352796,
3174,YLG/011,YLG/011,Arul A,,St. Joseph Anbiyam,,208,1,Approved,t,t,2015-07-24,2022-07-11,1394,4125,26809,,Family Permanent,,Annually,,,f,,t,1994-11-14,1,Own,,3/123,,Yelagiri Hillis,2027,607,104,635853,,9884607132,,,,,,,,104,,,Arokia Mary A.,Female,,
3174,YLG/011,YLG/011,Arul A,,St. Joseph Anbiyam,,208,1,Approved,t,t,2015-07-24,2022-07-11,1394,4125,26809,,Family Permanent,,Annually,,,f,,t,1994-11-14,1,Own,,3/123,,Yelagiri Hillis,2027,607,104,635853,,9884607132,,,,,,,,104,,,Arul A,Male,9442357631,
3174,YLG/011,YLG/011,Arul A,,St. Joseph Anbiyam,,208,1,Approved,t,t,2015-07-24,2022-07-11,1394,4125,26809,,Family Permanent,,Annually,,,f,,t,1994-11-14,1,Own,,3/123,,Yelagiri Hillis,2027,607,104,635853,,9884607132,,,,,,,,104,,,Ramya Mary A.,Female,,
3174,YLG/011,YLG/011,Arul A,,St. Joseph Anbiyam,,208,1,Approved,t,t,2015-07-24,2022-07-11,1394,4125,26809,,Family Permanent,,Annually,,,f,,t,1994-11-14,1,Own,,3/123,,Yelagiri Hillis,2027,607,104,635853,,9884607132,,,,,,,,104,,,Shanthi Mary A.,Female,9843334203,
3174,YLG/011,YLG/011,Arul A,,St. Joseph Anbiyam,,208,1,Approved,t,t,2015-07-24,2022-07-11,1394,4125,26809,,Family Permanent,,Annually,,,f,,t,1994-11-14,1,Own,,3/123,,Yelagiri Hillis,2027,607,104,635853,,9884607132,,,,,,,,104,,,Stanley Robin A.,Male,,
3175,YLG/012,YLG/012,Arul Raj S,,St. Joseph Anbiyam,,208,1,Approved,t,t,2015-07-24,2022-07-11,1394,4125,26809,,Family Permanent,,Annually,,,f,,t,2009-08-30,1,Own,,S/o Savarimuthu,,Yelagiri Hillis,2027,607,104,635853,,9962834842,,,,,,,,104,,,Amalesh A.,Male,,
3175,YLG/012,YLG/012,Arul Raj S,,St. Joseph Anbiyam,,208,1,Approved,t,t,2015-07-24,2022-07-11,1394,4125,26809,,Family Permanent,,Annually,,,f,,t,2009-08-30,1,Own,,S/o Savarimuthu,,Yelagiri Hillis,2027,607,104,635853,,9962834842,,,,,,,,104,,,Arul Raj S,Male,9486335368,
3175,YLG/012,YLG/012,Arul Raj S,,St. Joseph Anbiyam,,208,1,Approved,t,t,2015-07-24,2022-07-11,1394,4125,26809,,Family Permanent,,Annually,,,f,,t,2009-08-30,1,Own,,S/o Savarimuthu,,Yelagiri Hillis,2027,607,104,635853,,9962834842,,,,,,,,104,,,Maria Madalena Mary D.,Female,,
3176,YLG/013,YLG/013,Arul S.,,Arockiya Annai Anbiyam,,208,1,Approved,t,t,2019-02-06,2022-07-11,1394,4125,26809,,Family Permanent,,Annually,,,f,,f,,4,Rent,,Athanavur,,Tirupattur,2027,607,104,635853,,9442357506,arulanitha79@gmail.com,,,,,,,104,,,Anitha Jose J,Female,9940756735,
3176,YLG/013,YLG/013,Arul S.,,Arockiya Annai Anbiyam,,208,1,Approved,t,t,2019-02-06,2022-07-11,1394,4125,26809,,Family Permanent,,Annually,,,f,,f,,4,Rent,,Athanavur,,Tirupattur,2027,607,104,635853,,9442357506,arulanitha79@gmail.com,,,,,,,104,,,Arul S.,Male,9442357506,arulanitha79@gmail.com
3176,YLG/013,YLG/013,Arul S.,,Arockiya Annai Anbiyam,,208,1,Approved,t,t,2019-02-06,2022-07-11,1394,4125,26809,,Family Permanent,,Annually,,,f,,f,,4,Rent,,Athanavur,,Tirupattur,2027,607,104,635853,,9442357506,arulanitha79@gmail.com,,,,,,,104,,,Jefflin Shrina A,Female,,
3177,YLG/014,YLG/014,Asuntha Mary,,St. Joseph Anbiyam,,,1,Approved,t,t,2015-07-24,2022-07-11,1394,4125,26809,,Family Permanent,,Annually,,,f,,f,,,Own,,,,Yelagiri Hillis,2027,607,104,635853,,9003957929,,,,,,,,104,,,Asuntha Mary,Female,9176598329,
3177,YLG/014,YLG/014,Asuntha Mary,,St. Joseph Anbiyam,,,1,Approved,t,t,2015-07-24,2022-07-11,1394,4125,26809,,Family Permanent,,Annually,,,f,,f,,,Own,,,,Yelagiri Hillis,2027,607,104,635853,,9003957929,,,,,,,,104,,,John Mariamuthu,Male,9176598329,amjohn_mari@yahoo.co.in
3177,YLG/014,YLG/014,Asuntha Mary,,St. Joseph Anbiyam,,,1,Approved,t,t,2015-07-24,2022-07-11,1394,4125,26809,,Family Permanent,,Annually,,,f,,f,,,Own,,,,Yelagiri Hillis,2027,607,104,635853,,9003957929,,,,,,,,104,,,Joseph Antony,Male,9176598329,
3178,YLG/015,YLG/015,Aurelia Whittle Bartley,,St. Francis Xavier Anbiyam,,,1,Approved,t,t,2015-07-24,2022-07-11,1394,4125,26809,,Family Permanent,,Annually,,,f,,f,,1,Rent,,Murugan Kovil Road,,Yelagiri Hills,2027,607,104,635853,,8148877149,,,,,,,,104,,,Aurelia Whittle Bartley,Female,8148877149,
3179,YLG/016,YLG/016,Chandra Shekar B.,,St. Joseph Anbiyam,,208,1,Approved,t,t,2019-02-07,2022-07-11,1394,4125,26809,,Family Permanent,,Annually,,,f,,f,,2,Rent,,Athanavur,,Tirupattur,2027,607,104,635853,,6361078509,,,,,,,,104,,,Ajith Shekar,Male,,
3179,YLG/016,YLG/016,Chandra Shekar B.,,St. Joseph Anbiyam,,208,1,Approved,t,t,2019-02-07,2022-07-11,1394,4125,26809,,Family Permanent,,Annually,,,f,,f,,2,Rent,,Athanavur,,Tirupattur,2027,607,104,635853,,6361078509,,,,,,,,104,,,Chandra Sekar B.,Male,,
3179,YLG/016,YLG/016,Chandra Shekar B.,,St. Joseph Anbiyam,,208,1,Approved,t,t,2019-02-07,2022-07-11,1394,4125,26809,,Family Permanent,,Annually,,,f,,f,,2,Rent,,Athanavur,,Tirupattur,2027,607,104,635853,,6361078509,,,,,,,,104,,,Ezhil Arasi,Female,,
3179,YLG/016,YLG/016,Chandra Shekar B.,,St. Joseph Anbiyam,,208,1,Approved,t,t,2019-02-07,2022-07-11,1394,4125,26809,,Family Permanent,,Annually,,,f,,f,,2,Rent,,Athanavur,,Tirupattur,2027,607,104,635853,,6361078509,,,,,,,,104,,,Harishita Shekar,Female,,
3180,YLG/017,YLG/017,Christuraj A,,St. Francis Xavier Anbiyam,,208,1,Approved,t,t,2015-07-24,2022-07-11,1394,4125,26809,,Family Permanent,,Annually,,,f,,f,,1,Own,,"3/490, Guezou Nagar",,Yelagiri Hills,2027,607,104,635853,,9443099271,,,,,,,,104,,,Christuraj A,Male,9443099271,kairosylg@gmail.com
3180,YLG/017,YLG/017,Christuraj A,,St. Francis Xavier Anbiyam,,208,1,Approved,t,t,2015-07-24,2022-07-11,1394,4125,26809,,Family Permanent,,Annually,,,f,,f,,1,Own,,"3/490, Guezou Nagar",,Yelagiri Hills,2027,607,104,635853,,9443099271,,,,,,,,104,,,Jaya Mary A.,Female,,
3180,YLG/017,YLG/017,Christuraj A,,St. Francis Xavier Anbiyam,,208,1,Approved,t,t,2015-07-24,2022-07-11,1394,4125,26809,,Family Permanent,,Annually,,,f,,f,,1,Own,,"3/490, Guezou Nagar",,Yelagiri Hills,2027,607,104,635853,,9443099271,,,,,,,,104,,,Jaycel Marion Raj C.,Female,,
3180,YLG/017,YLG/017,Christuraj A,,St. Francis Xavier Anbiyam,,208,1,Approved,t,t,2015-07-24,2022-07-11,1394,4125,26809,,Family Permanent,,Annually,,,f,,f,,1,Own,,"3/490, Guezou Nagar",,Yelagiri Hills,2027,607,104,635853,,9443099271,,,,,,,,104,,,Jeffrey Raj Guezou C.,Male,,
3181,YLG/018,YLG/018,Clement Arun Jerry,,St. Joseph Anbiyam,,,1,Approved,t,t,2015-12-16,2022-07-11,1394,4125,26809,,Family Permanent,,Annually,,,f,,f,,1,Rent,,,,Yelagiri Hillis,2027,607,104,635853,,9655503070,,,,,,,,104,,,Jorgin Mary,Female,,
3182,YLG/019,YLG/019,Dayalan W,,St. Francis Xavier Anbiyam,,208,1,Approved,t,t,2015-07-24,2022-07-11,1394,4125,26809,,Family Permanent,,Annually,,,f,,t,1992-05-06,1,Own,,"3/489, Murugan Kovil Road",,Yelagiri Hills,2027,607,104,635853,,9443629525,dayalan@boscoits.com,,,,,,,104,,,Danny Stephen D.,Male,9566690193,stephendanny21@gmail.com
3182,YLG/019,YLG/019,Dayalan W,,St. Francis Xavier Anbiyam,,208,1,Approved,t,t,2015-07-24,2022-07-11,1394,4125,26809,,Family Permanent,,Annually,,,f,,t,1992-05-06,1,Own,,"3/489, Murugan Kovil Road",,Yelagiri Hills,2027,607,104,635853,,9443629525,dayalan@boscoits.com,,,,,,,104,,,Dayalan W,Male,9443629525,dayacaroylg@gmail.com
3182,YLG/019,YLG/019,Dayalan W,,St. Francis Xavier Anbiyam,,208,1,Approved,t,t,2015-07-24,2022-07-11,1394,4125,26809,,Family Permanent,,Annually,,,f,,t,1992-05-06,1,Own,,"3/489, Murugan Kovil Road",,Yelagiri Hills,2027,607,104,635853,,9443629525,dayalan@boscoits.com,,,,,,,104,,,Karoline A.,Female,9442357707,
3182,YLG/019,YLG/019,Dayalan W,,St. Francis Xavier Anbiyam,,208,1,Approved,t,t,2015-07-24,2022-07-11,1394,4125,26809,,Family Permanent,,Annually,,,f,,t,1992-05-06,1,Own,,"3/489, Murugan Kovil Road",,Yelagiri Hills,2027,607,104,635853,,9443629525,dayalan@boscoits.com,,,,,,,104,,,Sibi Francis D.,Male,9597953016,sibifrancisd@gmail.com
3183,YLG/020,YLG/020,Erroel Vogt (Peter),,St. Francis Xavier Anbiyam,,208,1,Approved,t,t,2015-07-24,2022-07-11,1394,4125,26809,,Family Permanent,,Annually,,,f,,f,,1,,,3/503. Manjakolla Pudur,,Yelagiri Hills,2027,607,104,635853,,9442357711,,,,,,,,104,,,Erroel Vogt (Peter),Male,9442357711,
3183,YLG/020,YLG/020,Erroel Vogt (Peter),,St. Francis Xavier Anbiyam,,208,1,Approved,t,t,2015-07-24,2022-07-11,1394,4125,26809,,Family Permanent,,Annually,,,f,,f,,1,,,3/503. Manjakolla Pudur,,Yelagiri Hills,2027,607,104,635853,,9442357711,,,,,,,,104,,,Joqulin Vogt,Female,,
3183,YLG/020,YLG/020,Erroel Vogt (Peter),,St. Francis Xavier Anbiyam,,208,1,Approved,t,t,2015-07-24,2022-07-11,1394,4125,26809,,Family Permanent,,Annually,,,f,,f,,1,,,3/503. Manjakolla Pudur,,Yelagiri Hills,2027,607,104,635853,,9442357711,,,,,,,,104,,,Veronica Gomes,Female,,
3184,YLG/021,YLG/021,Gerold Francis,,St. Joseph Anbiyam,,208,1,Approved,t,t,2015-07-24,2022-07-11,1394,4125,26809,,Family Permanent,,Annually,,,f,,t,2000-04-24,1,Own,, ,,Yelagiri Hillis,2027,607,104,635853,,9159416404,,,,,,,,104,,,Anthumary,Female,9047879704,
3184,YLG/021,YLG/021,Gerold Francis,,St. Joseph Anbiyam,,208,1,Approved,t,t,2015-07-24,2022-07-11,1394,4125,26809,,Family Permanent,,Annually,,,f,,t,2000-04-24,1,Own,, ,,Yelagiri Hillis,2027,607,104,635853,,9159416404,,,,,,,,104,,,Gerold Francis,Male,9159416404,
3184,YLG/021,YLG/021,Gerold Francis,,St. Joseph Anbiyam,,208,1,Approved,t,t,2015-07-24,2022-07-11,1394,4125,26809,,Family Permanent,,Annually,,,f,,t,2000-04-24,1,Own,, ,,Yelagiri Hillis,2027,607,104,635853,,9159416404,,,,,,,,104,,,Mariadass Immanuvel,Male,8940766695,
3184,YLG/021,YLG/021,Gerold Francis,,St. Joseph Anbiyam,,208,1,Approved,t,t,2015-07-24,2022-07-11,1394,4125,26809,,Family Permanent,,Annually,,,f,,t,2000-04-24,1,Own,, ,,Yelagiri Hillis,2027,607,104,635853,,9159416404,,,,,,,,104,,,Marina Florance,Female,9047879704,
3185,YLG/022,YLG/022,Gnanapragasam S,,St. Joseph Anbiyam,,208,1,Approved,t,t,2015-07-24,2022-07-11,1394,4125,26809,,Family Permanent,,Annually,,,f,,t,2013-05-23,1,Own,,Athanavur P.O,,Tirupattur,2027,607,104,635853,,9483329536,,,,,,,,104,,,Andriya G,Female,,
3185,YLG/022,YLG/022,Gnanapragasam S,,St. Joseph Anbiyam,,208,1,Approved,t,t,2015-07-24,2022-07-11,1394,4125,26809,,Family Permanent,,Annually,,,f,,t,2013-05-23,1,Own,,Athanavur P.O,,Tirupattur,2027,607,104,635853,,9483329536,,,,,,,,104,,,Anitha Mary,Female,,
3185,YLG/022,YLG/022,Gnanapragasam S,,St. Joseph Anbiyam,,208,1,Approved,t,t,2015-07-24,2022-07-11,1394,4125,26809,,Family Permanent,,Annually,,,f,,t,2013-05-23,1,Own,,Athanavur P.O,,Tirupattur,2027,607,104,635853,,9483329536,,,,,,,,104,,,Gana Prakasam S,Male,9894368426,
3186,YLG/023,YLG/023,Govindasamy N. R (Joseph),,St. Francis Xavier Anbiyam,,,1,Approved,t,t,2015-07-24,2022-07-11,1394,4125,26809,,Family Permanent,,Annually,,,f,,f,,1,,,,,Yelagiri Hillis,2027,607,104,635853,,9486939644,,,,,,,,104,,,Jacintha (A) Radha G.,Female,,
3186,YLG/023,YLG/023,Govindasamy N. R (Joseph),,St. Francis Xavier Anbiyam,,,1,Approved,t,t,2015-07-24,2022-07-11,1394,4125,26809,,Family Permanent,,Annually,,,f,,f,,1,,,,,Yelagiri Hillis,2027,607,104,635853,,9486939644,,,,,,,,104,,,Joseph (Govindasamy N. R),Male,,
3186,YLG/023,YLG/023,Govindasamy N. R (Joseph),,St. Francis Xavier Anbiyam,,,1,Approved,t,t,2015-07-24,2022-07-11,1394,4125,26809,,Family Permanent,,Annually,,,f,,f,,1,,,,,Yelagiri Hillis,2027,607,104,635853,,9486939644,,,,,,,,104,,,Kavitha G.,Female,,
3187,YLG/024,YLG/024,Immanuel Kumar,,Arockiya Annai Anbiyam,,208,1,Approved,t,t,2015-07-24,2022-07-11,1394,4125,26809,,Family Permanent,,Annually,,,f,,t,2014-06-30,1,Rent,,"244, Guezou Nagar",,Yelagiri Hills,2027,607,104,635853,,9629146030,,,,,,,,104,,,I Evangeline  Ria,Female,,
3187,YLG/024,YLG/024,Immanuel Kumar,,Arockiya Annai Anbiyam,,208,1,Approved,t,t,2015-07-24,2022-07-11,1394,4125,26809,,Family Permanent,,Annually,,,f,,t,2014-06-30,1,Rent,,"244, Guezou Nagar",,Yelagiri Hills,2027,607,104,635853,,9629146030,,,,,,,,104,,,S Immanuel Kumar,Male,9629146030,imman.Kumar@gmail.com
3187,YLG/024,YLG/024,Immanuel Kumar,,Arockiya Annai Anbiyam,,208,1,Approved,t,t,2015-07-24,2022-07-11,1394,4125,26809,,Family Permanent,,Annually,,,f,,t,2014-06-30,1,Rent,,"244, Guezou Nagar",,Yelagiri Hills,2027,607,104,635853,,9629146030,,,,,,,,104,,,S Priya Dharshini,Female,9791648375,dharshinimegalai@gmail.com
3189,YLG/025,YLG/025,Jayapalan Xavier Raja,,Arockiya Annai Anbiyam,,208,1,Approved,t,t,2015-07-24,2022-07-11,1394,4125,26809,,Family Permanent,,Annually,,,f,,f,,1,,,Guezou Nagar,,Yelagiri Hills,2027,607,104,635853,,9486149678,,,,,,,,104,,,Avilash X.,Male,,
3189,YLG/025,YLG/025,Jayapalan Xavier Raja,,Arockiya Annai Anbiyam,,208,1,Approved,t,t,2015-07-24,2022-07-11,1394,4125,26809,,Family Permanent,,Annually,,,f,,f,,1,,,Guezou Nagar,,Yelagiri Hills,2027,607,104,635853,,9486149678,,,,,,,,104,,,Avisekh X.,Male,9486149678,
3189,YLG/025,YLG/025,Jayapalan Xavier Raja,,Arockiya Annai Anbiyam,,208,1,Approved,t,t,2015-07-24,2022-07-11,1394,4125,26809,,Family Permanent,,Annually,,,f,,f,,1,,,Guezou Nagar,,Yelagiri Hills,2027,607,104,635853,,9486149678,,,,,,,,104,,,Jayapalan Xavier Raja,Male,9486149678,
3189,YLG/025,YLG/025,Jayapalan Xavier Raja,,Arockiya Annai Anbiyam,,208,1,Approved,t,t,2015-07-24,2022-07-11,1394,4125,26809,,Family Permanent,,Annually,,,f,,f,,1,,,Guezou Nagar,,Yelagiri Hills,2027,607,104,635853,,9486149678,,,,,,,,104,,,Kavitha Mary G.,Female,9486149678,
3190,YLG/026,YLG/026,Jeswanth Jonas,,St. Francis Xavier Anbiyam,,,1,Approved,t,t,2015-07-24,2022-07-11,1394,4125,26809,,Family Permanent,,Annually,,,f,,t,1980-06-01,1,,,,,Yelagiri Hillis,2027,607,104,635853,,9159416404,,,,,,,,104,,,Jeswanth Jonas,Male,9444799499,
3191,YLG/027,YLG/027,John Britto J,,St. Francis Xavier Anbiyam,,,1,Approved,t,t,2015-07-24,2022-07-11,1394,4125,26809,,Family Permanent,,Annually,,,f,,f,,1,,,,,Yelagiri Hillis,2027,607,104,635853,,9894368426,,,,,,,,104,,,Jenifer Angelin J.,Female,,
3191,YLG/027,YLG/027,John Britto J,,St. Francis Xavier Anbiyam,,,1,Approved,t,t,2015-07-24,2022-07-11,1394,4125,26809,,Family Permanent,,Annually,,,f,,f,,1,,,,,Yelagiri Hillis,2027,607,104,635853,,9894368426,,,,,,,,104,,,John Britto J,Male,9790535586,
3191,YLG/027,YLG/027,John Britto J,,St. Francis Xavier Anbiyam,,,1,Approved,t,t,2015-07-24,2022-07-11,1394,4125,26809,,Family Permanent,,Annually,,,f,,f,,1,,,,,Yelagiri Hillis,2027,607,104,635853,,9894368426,,,,,,,,104,,,Mary Sinega J,Female,,
3191,YLG/027,YLG/027,John Britto J,,St. Francis Xavier Anbiyam,,,1,Approved,t,t,2015-07-24,2022-07-11,1394,4125,26809,,Family Permanent,,Annually,,,f,,f,,1,,,,,Yelagiri Hillis,2027,607,104,635853,,9894368426,,,,,,,,104,,,Rose Mary A.,Female,,
3192,YLG/028,YLG/028,John Sathiyanathan S,,Arockiya Annai Anbiyam,,208,1,Approved,t,t,2018-01-01,2022-07-11,1394,4125,26809,,Family Permanent,,Annually,,,f,,t,1990-07-12,4,Own,,Perumal Koil Street,,Yelagiri Hills,2027,607,104,635853,,9786511977,johnroseline123@gmail.com,,,,,,,104,,,John Sathiyanathan S,Male,9786511977,
3192,YLG/028,YLG/028,John Sathiyanathan S,,Arockiya Annai Anbiyam,,208,1,Approved,t,t,2018-01-01,2022-07-11,1394,4125,26809,,Family Permanent,,Annually,,,f,,t,1990-07-12,4,Own,,Perumal Koil Street,,Yelagiri Hills,2027,607,104,635853,,9786511977,johnroseline123@gmail.com,,,,,,,104,,,Roseline J.,Female,9751006104,
3193,YLG/029,YLG/029,John Stephen N,,Arockiya Annai Anbiyam,,208,1,Approved,t,t,2018-01-01,2022-07-11,1394,4125,26809,,Family Permanent,,Annually,,,f,,t,2001-05-02,4,Rent,,Near State Bank,,Yelagiri Hills,2027,607,104,635853,,9442302047,,,,,,,,104,,,Angel Kumari V.,Female,9487105551,
3193,YLG/029,YLG/029,John Stephen N,,Arockiya Annai Anbiyam,,208,1,Approved,t,t,2018-01-01,2022-07-11,1394,4125,26809,,Family Permanent,,Annually,,,f,,t,2001-05-02,4,Rent,,Near State Bank,,Yelagiri Hills,2027,607,104,635853,,9442302047,,,,,,,,104,,,Aslisha J.A.,Female,,
3193,YLG/029,YLG/029,John Stephen N,,Arockiya Annai Anbiyam,,208,1,Approved,t,t,2018-01-01,2022-07-11,1394,4125,26809,,Family Permanent,,Annually,,,f,,t,2001-05-02,4,Rent,,Near State Bank,,Yelagiri Hills,2027,607,104,635853,,9442302047,,,,,,,,104,,,John Stephen N,Male,9442302047,
3193,YLG/029,YLG/029,John Stephen N,,Arockiya Annai Anbiyam,,208,1,Approved,t,t,2018-01-01,2022-07-11,1394,4125,26809,,Family Permanent,,Annually,,,f,,t,2001-05-02,4,Rent,,Near State Bank,,Yelagiri Hills,2027,607,104,635853,,9442302047,,,,,,,,104,,,Mervin J.A.,Male,,
3194,YLG/030,YLG/030,Joseph Velukumar,,St. Francis Xavier Anbiyam,,,1,Approved,t,t,2015-07-24,2022-07-11,1394,4125,26809,,Family Permanent,,Annually,,,f,,t,2013-05-31,1,Rent,,,,Yelagiri Hillis,2027,607,104,635853,,9976540720,,,,,,,,104,,,Joseph Velukumar,Male,9655840882,kumarylg@gmail.com
3194,YLG/030,YLG/030,Joseph Velukumar,,St. Francis Xavier Anbiyam,,,1,Approved,t,t,2015-07-24,2022-07-11,1394,4125,26809,,Family Permanent,,Annually,,,f,,t,2013-05-31,1,Rent,,,,Yelagiri Hillis,2027,607,104,635853,,9976540720,,,,,,,,104,,,Maria selvi,Female,,
3194,YLG/030,YLG/030,Joseph Velukumar,,St. Francis Xavier Anbiyam,,,1,Approved,t,t,2015-07-24,2022-07-11,1394,4125,26809,,Family Permanent,,Annually,,,f,,t,2013-05-31,1,Rent,,,,Yelagiri Hillis,2027,607,104,635853,,9976540720,,,,,,,,104,,,Navinadarshani,Female,,
3194,YLG/030,YLG/030,Joseph Velukumar,,St. Francis Xavier Anbiyam,,,1,Approved,t,t,2015-07-24,2022-07-11,1394,4125,26809,,Family Permanent,,Annually,,,f,,t,2013-05-31,1,Rent,,,,Yelagiri Hillis,2027,607,104,635853,,9976540720,,,,,,,,104,,,Santhos Raj,Male,,
3194,YLG/030,YLG/030,Joseph Velukumar,,St. Francis Xavier Anbiyam,,,1,Approved,t,t,2015-07-24,2022-07-11,1394,4125,26809,,Family Permanent,,Annually,,,f,,t,2013-05-31,1,Rent,,,,Yelagiri Hillis,2027,607,104,635853,,9976540720,,,,,,,,104,,,Vivek Parak,Male,,
3195,YLG/031,YLG/031,Leo Anbarasan,,Arockiya Annai Anbiyam,,208,1,Approved,t,t,2015-07-24,2022-07-11,1394,4125,26809,,Family Permanent,,Annually,,,f,,t,1998-07-14,1,Rent,, ,,Yelagiri Hills,2027,607,104,635853,,9751231933,,,,,,,,104,,,Albin Jaison,Male,,
3195,YLG/031,YLG/031,Leo Anbarasan,,Arockiya Annai Anbiyam,,208,1,Approved,t,t,2015-07-24,2022-07-11,1394,4125,26809,,Family Permanent,,Annually,,,f,,t,1998-07-14,1,Rent,, ,,Yelagiri Hills,2027,607,104,635853,,9751231933,,,,,,,,104,,,Joel Roshan,Male,,
3195,YLG/031,YLG/031,Leo Anbarasan,,Arockiya Annai Anbiyam,,208,1,Approved,t,t,2015-07-24,2022-07-11,1394,4125,26809,,Family Permanent,,Annually,,,f,,t,1998-07-14,1,Rent,, ,,Yelagiri Hills,2027,607,104,635853,,9751231933,,,,,,,,104,,,Julia Mary,Female,,
3195,YLG/031,YLG/031,Leo Anbarasan,,Arockiya Annai Anbiyam,,208,1,Approved,t,t,2015-07-24,2022-07-11,1394,4125,26809,,Family Permanent,,Annually,,,f,,t,1998-07-14,1,Rent,, ,,Yelagiri Hills,2027,607,104,635853,,9751231933,,,,,,,,104,,,Leo Anbarasan,Male,9751231933,
3196,YLG/032,YLG/032,Leo Maria Francis,,St. Francis Xavier Anbiyam,,,1,Approved,t,t,2015-07-24,2022-07-11,1394,4125,26809,,Family Permanent,,Annually,,,f,,t,1994-01-26,1,,,Athanavur,,Yelagiri Hillis,2027,607,104,635853,,7639034964,helenbridgith@gmail.com,,,,,,,104,,,Leo Maria Francis,Male,9442310807,leomariafrancis@yahoo.co.in
3196,YLG/032,YLG/032,Leo Maria Francis,,St. Francis Xavier Anbiyam,,,1,Approved,t,t,2015-07-24,2022-07-11,1394,4125,26809,,Family Permanent,,Annually,,,f,,t,1994-01-26,1,,,Athanavur,,Yelagiri Hillis,2027,607,104,635853,,7639034964,helenbridgith@gmail.com,,,,,,,104,,,Lin Teresa Maria Francis,Female,,
3196,YLG/032,YLG/032,Leo Maria Francis,,St. Francis Xavier Anbiyam,,,1,Approved,t,t,2015-07-24,2022-07-11,1394,4125,26809,,Family Permanent,,Annually,,,f,,t,1994-01-26,1,,,Athanavur,,Yelagiri Hillis,2027,607,104,635853,,7639034964,helenbridgith@gmail.com,,,,,,,104,,,Maria Nirmala,Female,,
3196,YLG/032,YLG/032,Leo Maria Francis,,St. Francis Xavier Anbiyam,,,1,Approved,t,t,2015-07-24,2022-07-11,1394,4125,26809,,Family Permanent,,Annually,,,f,,t,1994-01-26,1,,,Athanavur,,Yelagiri Hillis,2027,607,104,635853,,7639034964,helenbridgith@gmail.com,,,,,,,104,,,Merlin  Cleri Maria Francis,Female,,
3196,YLG/032,YLG/032,Leo Maria Francis,,St. Francis Xavier Anbiyam,,,1,Approved,t,t,2015-07-24,2022-07-11,1394,4125,26809,,Family Permanent,,Annually,,,f,,t,1994-01-26,1,,,Athanavur,,Yelagiri Hillis,2027,607,104,635853,,7639034964,helenbridgith@gmail.com,,,,,,,104,,,Mervin Louis Maria Francis,Male,,
3197,YLG/033,YLG/033,Louis Nathan,,St. Joseph Anbiyam,,208,1,Approved,t,t,2015-07-24,2022-07-11,1394,4125,26809,,Family Permanent,,Annually,,,f,,t,2013-01-23,1,Own,,3/123,,Yelagiri Hillis,2027,607,104,635853,,9884385420,,,,,,,,104,,,George  Annamalai A,Male,,
3197,YLG/033,YLG/033,Louis Nathan,,St. Joseph Anbiyam,,208,1,Approved,t,t,2015-07-24,2022-07-11,1394,4125,26809,,Family Permanent,,Annually,,,f,,t,2013-01-23,1,Own,,3/123,,Yelagiri Hillis,2027,607,104,635853,,9884385420,,,,,,,,104,,,Haiden,Male,,
3197,YLG/033,YLG/033,Louis Nathan,,St. Joseph Anbiyam,,208,1,Approved,t,t,2015-07-24,2022-07-11,1394,4125,26809,,Family Permanent,,Annually,,,f,,t,2013-01-23,1,Own,,3/123,,Yelagiri Hillis,2027,607,104,635853,,9884385420,,,,,,,,104,,,Louis Nathan G.,Male,9884385420,
3197,YLG/033,YLG/033,Louis Nathan,,St. Joseph Anbiyam,,208,1,Approved,t,t,2015-07-24,2022-07-11,1394,4125,26809,,Family Permanent,,Annually,,,f,,t,2013-01-23,1,Own,,3/123,,Yelagiri Hillis,2027,607,104,635853,,9884385420,,,,,,,,104,,,Ruby Gayathri,Female,,
3198,YLG/034,YLG/034,Lourdu Pichai A,,St. Francis Xavier Anbiyam,,208,1,Approved,t,t,2015-07-24,2022-07-11,1394,4125,26809,,Family Permanent,,Annually,,,f,,t,2000-11-09,1,Own,,No. 196/3-B,,Yelagiri Hillis,2027,607,104,635853,,9486939644,lourdu@gmail.com,,,,,,,104,,,Lourdu Pitchai A,Male,9486939644,
3198,YLG/034,YLG/034,Lourdu Pichai A,,St. Francis Xavier Anbiyam,,208,1,Approved,t,t,2015-07-24,2022-07-11,1394,4125,26809,,Family Permanent,,Annually,,,f,,t,2000-11-09,1,Own,,No. 196/3-B,,Yelagiri Hillis,2027,607,104,635853,,9486939644,lourdu@gmail.com,,,,,,,104,,,Rosario Dhanalakshmi G.,Female,8940671518,
3198,YLG/034,YLG/034,Lourdu Pichai A,,St. Francis Xavier Anbiyam,,208,1,Approved,t,t,2015-07-24,2022-07-11,1394,4125,26809,,Family Permanent,,Annually,,,f,,t,2000-11-09,1,Own,,No. 196/3-B,,Yelagiri Hillis,2027,607,104,635853,,9486939644,lourdu@gmail.com,,,,,,,104,,,Tarun Peter L.,Male,,
3198,YLG/034,YLG/034,Lourdu Pichai A,,St. Francis Xavier Anbiyam,,208,1,Approved,t,t,2015-07-24,2022-07-11,1394,4125,26809,,Family Permanent,,Annually,,,f,,t,2000-11-09,1,Own,,No. 196/3-B,,Yelagiri Hillis,2027,607,104,635853,,9486939644,lourdu@gmail.com,,,,,,,104,,,Tina Shivani L.,Female,,
3199,YLG/035,YLG/035,Madhalaisamy S,,Arockiya Annai Anbiyam,,208,1,Approved,t,t,2018-01-01,2022-07-11,1394,4125,26809,,Family Permanent,,Annually,,,f,,t,1995-05-25,4,Own,,Athanavur,,Yelagiri Hills,2027,607,104,635853,,8489898420,,,,,,,,104,,,Madhalaisamy S,Male,8489898420,
3199,YLG/035,YLG/035,Madhalaisamy S,,Arockiya Annai Anbiyam,,208,1,Approved,t,t,2018-01-01,2022-07-11,1394,4125,26809,,Family Permanent,,Annually,,,f,,t,1995-05-25,4,Own,,Athanavur,,Yelagiri Hills,2027,607,104,635853,,8489898420,,,,,,,,104,,,Maria Nellson,Male,8489782195,
3199,YLG/035,YLG/035,Madhalaisamy S,,Arockiya Annai Anbiyam,,208,1,Approved,t,t,2018-01-01,2022-07-11,1394,4125,26809,,Family Permanent,,Annually,,,f,,t,1995-05-25,4,Own,,Athanavur,,Yelagiri Hills,2027,607,104,635853,,8489898420,,,,,,,,104,,,Praveen Jusu Rathinam M,Male,8489782195,
3199,YLG/035,YLG/035,Madhalaisamy S,,Arockiya Annai Anbiyam,,208,1,Approved,t,t,2018-01-01,2022-07-11,1394,4125,26809,,Family Permanent,,Annually,,,f,,t,1995-05-25,4,Own,,Athanavur,,Yelagiri Hills,2027,607,104,635853,,8489898420,,,,,,,,104,,,Susai Mary K,Female,8489782195,
3200,YLG/036,YLG/036,Maria Krishnan G,,Arockiya Annai Anbiyam,,208,1,Approved,t,t,2018-01-01,2022-07-11,1394,4125,26809,,Family Permanent,,Annually,,,f,,t,2000-01-09,1,Own,,"266, Mariyamman Kovil St",,Yelagiri Hills,2027,607,104,635853,,9698107626,,,,,,,,104,,,Maria Krishnan G,Male,9698107626,
3200,YLG/036,YLG/036,Maria Krishnan G,,Arockiya Annai Anbiyam,,208,1,Approved,t,t,2018-01-01,2022-07-11,1394,4125,26809,,Family Permanent,,Annually,,,f,,t,2000-01-09,1,Own,,"266, Mariyamman Kovil St",,Yelagiri Hills,2027,607,104,635853,,9698107626,,,,,,,,104,,,Mary Meena K.,Female,,
3200,YLG/036,YLG/036,Maria Krishnan G,,Arockiya Annai Anbiyam,,208,1,Approved,t,t,2018-01-01,2022-07-11,1394,4125,26809,,Family Permanent,,Annually,,,f,,t,2000-01-09,1,Own,,"266, Mariyamman Kovil St",,Yelagiri Hills,2027,607,104,635853,,9698107626,,,,,,,,104,,,Vikram Joel Joseph,Male,,
3201,YLG/037,YLG/037,Mary Jecintha Jagatha,,St. Francis Xavier Anbiyam,,,1,Approved,t,t,2015-07-24,2022-07-11,1394,4125,26809,,Family Permanent,,Annually,,,f,,t,1958-10-19,1,,,,,Yelagiri Hillis,2027,607,104,635853,,9884486858,,,,,,,,104,,,Francis Gunasekar K,Male,9500357208,
3201,YLG/037,YLG/037,Mary Jecintha Jagatha,,St. Francis Xavier Anbiyam,,,1,Approved,t,t,2015-07-24,2022-07-11,1394,4125,26809,,Family Permanent,,Annually,,,f,,t,1958-10-19,1,,,,,Yelagiri Hillis,2027,607,104,635853,,9884486858,,,,,,,,104,,,Mary Jecintha Jagatha,Female,,
3202,YLG/038,YLG/038,Mathew J.,,St. Joseph Anbiyam,,208,1,Approved,t,t,2019-02-06,2022-07-11,1394,4125,26809,,Family Permanent,,Annually,,,f,,t,2010-08-15,4,Rent,,S/o Joseph Antony,Arunachalam Pungam,Yelagiri Hills,2027,607,104,635853,,9751949294,,,,,,,,104,,,Dineal M.,Male,,
3202,YLG/038,YLG/038,Mathew J.,,St. Joseph Anbiyam,,208,1,Approved,t,t,2019-02-06,2022-07-11,1394,4125,26809,,Family Permanent,,Annually,,,f,,t,2010-08-15,4,Rent,,S/o Joseph Antony,Arunachalam Pungam,Yelagiri Hills,2027,607,104,635853,,9751949294,,,,,,,,104,,,Mary Sathiya S.,Female,,
3202,YLG/038,YLG/038,Mathew J.,,St. Joseph Anbiyam,,208,1,Approved,t,t,2019-02-06,2022-07-11,1394,4125,26809,,Family Permanent,,Annually,,,f,,t,2010-08-15,4,Rent,,S/o Joseph Antony,Arunachalam Pungam,Yelagiri Hills,2027,607,104,635853,,9751949294,,,,,,,,104,,,Mathew J.,Male,,
3202,YLG/038,YLG/038,Mathew J.,,St. Joseph Anbiyam,,208,1,Approved,t,t,2019-02-06,2022-07-11,1394,4125,26809,,Family Permanent,,Annually,,,f,,t,2010-08-15,4,Rent,,S/o Joseph Antony,Arunachalam Pungam,Yelagiri Hills,2027,607,104,635853,,9751949294,,,,,,,,104,,,Sweety Princess M.,Female,,
3203,YLG/039,YLG/039,Matthew,,St. Joseph Anbiyam,,,1,Approved,t,t,2015-07-24,2022-07-11,1394,4125,26809,,Family Permanent,,Annually,,,f,,f,,1,Rent,,,,Yelagiri Hillis,2027,607,104,635853,,9786681847,,,,,,,,104,,,Daniel M,Male,,
3203,YLG/039,YLG/039,Matthew,,St. Joseph Anbiyam,,,1,Approved,t,t,2015-07-24,2022-07-11,1394,4125,26809,,Family Permanent,,Annually,,,f,,f,,1,Rent,,,,Yelagiri Hillis,2027,607,104,635853,,9786681847,,,,,,,,104,,,Mary Sathya M,Female,,
3203,YLG/039,YLG/039,Matthew,,St. Joseph Anbiyam,,,1,Approved,t,t,2015-07-24,2022-07-11,1394,4125,26809,,Family Permanent,,Annually,,,f,,f,,1,Rent,,,,Yelagiri Hillis,2027,607,104,635853,,9786681847,,,,,,,,104,,,Matthew Subramaniyan,Male,9751949294,
3204,YLG/040,YLG/040,Michael Dominic Smith,,Arockiya Annai Anbiyam,,208,1,Approved,t,t,2015-07-24,2022-07-11,1394,4125,26809,,Family Permanent,,Annually,,,f,,t,1998-12-26,1,Own,,Near VSK Lodge,,Yelagiri Hills,2027,607,104,635853,,9884607132,,,,,,,,104,,,Caroline Francis Smith,Female,,
3204,YLG/040,YLG/040,Michael Dominic Smith,,Arockiya Annai Anbiyam,,208,1,Approved,t,t,2015-07-24,2022-07-11,1394,4125,26809,,Family Permanent,,Annually,,,f,,t,1998-12-26,1,Own,,Near VSK Lodge,,Yelagiri Hills,2027,607,104,635853,,9884607132,,,,,,,,104,,,Michael Dominic Smith,Male,9884607132,
3204,YLG/040,YLG/040,Michael Dominic Smith,,Arockiya Annai Anbiyam,,208,1,Approved,t,t,2015-07-24,2022-07-11,1394,4125,26809,,Family Permanent,,Annually,,,f,,t,1998-12-26,1,Own,,Near VSK Lodge,,Yelagiri Hills,2027,607,104,635853,,9884607132,,,,,,,,104,,,Ronan Christopher,Male,,
3205,YLG/041,YLG/041,Michael S,,St. Francis Xavier Anbiyam,,,1,Approved,t,t,2015-07-24,2022-07-11,1394,4125,26809,,Family Permanent,,Annually,,,f,,f,,1,,,,,Yelagiri Hillis,2027,607,104,635853,,9751949294,,,,,,,,104,,,Michael S,Male,9786539139,
3205,YLG/041,YLG/041,Michael S,,St. Francis Xavier Anbiyam,,,1,Approved,t,t,2015-07-24,2022-07-11,1394,4125,26809,,Family Permanent,,Annually,,,f,,f,,1,,,,,Yelagiri Hillis,2027,607,104,635853,,9751949294,,,,,,,,104,,,Myla,Female,,
3205,YLG/041,YLG/041,Michael S,,St. Francis Xavier Anbiyam,,,1,Approved,t,t,2015-07-24,2022-07-11,1394,4125,26809,,Family Permanent,,Annually,,,f,,f,,1,,,,,Yelagiri Hillis,2027,607,104,635853,,9751949294,,,,,,,,104,,,Nisha Mary,Female,,
3205,YLG/041,YLG/041,Michael S,,St. Francis Xavier Anbiyam,,,1,Approved,t,t,2015-07-24,2022-07-11,1394,4125,26809,,Family Permanent,,Annually,,,f,,f,,1,,,,,Yelagiri Hillis,2027,607,104,635853,,9751949294,,,,,,,,104,,,Snekan Anto,Male,,
3206,YLG/042,YLG/042,Monnan,,St. Joseph Anbiyam,,208,1,Approved,t,t,2019-02-06,2022-07-11,1394,4125,26809,,Family Permanent,,Annually,,,f,,f,,1,Rent,,3/123 Kottaiyur P.O,,Tirupattur,2027,607,104,635853,,9626639636,sclamnent@gmail.com,,,,,,,104,,,Clamentarun Kerry S.,Male,9626639636,
3206,YLG/042,YLG/042,Monnan,,St. Joseph Anbiyam,,208,1,Approved,t,t,2019-02-06,2022-07-11,1394,4125,26809,,Family Permanent,,Annually,,,f,,f,,1,Rent,,3/123 Kottaiyur P.O,,Tirupattur,2027,607,104,635853,,9626639636,sclamnent@gmail.com,,,,,,,104,,,Jorgine Ansheela S.,Female,,
3207,YLG/043,YLG/043,Mudiyappan A.,,Arockiya Annai Anbiyam,,208,1,Approved,t,t,2018-01-01,2022-07-11,1394,4125,26809,,Family Permanent,,Annually,,,f,,f,,4,Rent,,Thayaloor,,Yelagiri Hills,2027,607,104,635853,,9597568552,,,,,,,,104,,,Amal Raj M.,Male,9047178274,
3207,YLG/043,YLG/043,Mudiyappan A.,,Arockiya Annai Anbiyam,,208,1,Approved,t,t,2018-01-01,2022-07-11,1394,4125,26809,,Family Permanent,,Annually,,,f,,f,,4,Rent,,Thayaloor,,Yelagiri Hills,2027,607,104,635853,,9597568552,,,,,,,,104,,,Charles Raja M,Male,6381091412,
3207,YLG/043,YLG/043,Mudiyappan A.,,Arockiya Annai Anbiyam,,208,1,Approved,t,t,2018-01-01,2022-07-11,1394,4125,26809,,Family Permanent,,Annually,,,f,,f,,4,Rent,,Thayaloor,,Yelagiri Hills,2027,607,104,635853,,9597568552,,,,,,,,104,,,Leela Mary B,Female,,
3207,YLG/043,YLG/043,Mudiyappan A.,,Arockiya Annai Anbiyam,,208,1,Approved,t,t,2018-01-01,2022-07-11,1394,4125,26809,,Family Permanent,,Annually,,,f,,f,,4,Rent,,Thayaloor,,Yelagiri Hills,2027,607,104,635853,,9597568552,,,,,,,,104,,,Mudiyappan A,Male,9597568552,
3207,YLG/043,YLG/043,Mudiyappan A.,,Arockiya Annai Anbiyam,,208,1,Approved,t,t,2018-01-01,2022-07-11,1394,4125,26809,,Family Permanent,,Annually,,,f,,f,,4,Rent,,Thayaloor,,Yelagiri Hills,2027,607,104,635853,,9597568552,,,,,,,,104,,,Robert Sagayam M,Male,9597583616,
3207,YLG/043,YLG/043,Mudiyappan A.,,Arockiya Annai Anbiyam,,208,1,Approved,t,t,2018-01-01,2022-07-11,1394,4125,26809,,Family Permanent,,Annually,,,f,,f,,4,Rent,,Thayaloor,,Yelagiri Hills,2027,607,104,635853,,9597568552,,,,,,,,104,,,Shakila Vinnarasi,Female,7530079021,
3208,YLG/044,YLG/044,Narchaithi Alwar,,St. Francis Xavier Anbiyam,,208,1,Approved,t,t,2015-07-24,2022-07-11,1394,4125,26809,,Family Permanent,,Annually,,,f,,f,,1,Rent,,"454, Near Mino Tower",,Yelagiri Hills,2027,607,104,635853,,9443874639,,,,,,,,104,,,Arockia Johnsi Rani,Female,,
3208,YLG/044,YLG/044,Narchaithi Alwar,,St. Francis Xavier Anbiyam,,208,1,Approved,t,t,2015-07-24,2022-07-11,1394,4125,26809,,Family Permanent,,Annually,,,f,,f,,1,Rent,,"454, Near Mino Tower",,Yelagiri Hills,2027,607,104,635853,,9443874639,,,,,,,,104,,,Narcheithi Alwar,Male,9443874639,
3208,YLG/044,YLG/044,Narchaithi Alwar,,St. Francis Xavier Anbiyam,,208,1,Approved,t,t,2015-07-24,2022-07-11,1394,4125,26809,,Family Permanent,,Annually,,,f,,f,,1,Rent,,"454, Near Mino Tower",,Yelagiri Hills,2027,607,104,635853,,9443874639,,,,,,,,104,,,Remi Alwin,Male,,
3209,YLG/045,YLG/045,Noel Regel & Pasca Mary,,Arockiya Annai Anbiyam,,208,1,Approved,t,t,2016-05-02,2022-07-11,1394,4125,26809,,Family Permanent,,Annually,,,f,,t,2015-10-19,1,Rent,,Punganoor,,Yelagiri Hills,2027,607,104,635853,,,,,,,,,,104,,,Noel Regel,Male,,
3209,YLG/045,YLG/045,Noel Regel & Pasca Mary,,Arockiya Annai Anbiyam,,208,1,Approved,t,t,2016-05-02,2022-07-11,1394,4125,26809,,Family Permanent,,Annually,,,f,,t,2015-10-19,1,Rent,,Punganoor,,Yelagiri Hills,2027,607,104,635853,,,,,,,,,,104,,,Pasca Mary,Female,,
3210,YLG/046,YLG/046,Pathrose,,St. Joseph Anbiyam,,208,1,Approved,t,t,2015-07-24,2022-07-11,1394,4125,26809,,Family Permanent,,Annually,,,f,,t,1999-01-10,1,Rent,, No.41,,Yelagiri Hills,2027,607,104,635853,,9444610904,,,,,,,,104,,,Avila Blency Rose PV,Female,,
3210,YLG/046,YLG/046,Pathrose,,St. Joseph Anbiyam,,208,1,Approved,t,t,2015-07-24,2022-07-11,1394,4125,26809,,Family Permanent,,Annually,,,f,,t,1999-01-10,1,Rent,, No.41,,Yelagiri Hills,2027,607,104,635853,,9444610904,,,,,,,,104,,,Gracy Viji Rose P.V.,Female,,
3210,YLG/046,YLG/046,Pathrose,,St. Joseph Anbiyam,,208,1,Approved,t,t,2015-07-24,2022-07-11,1394,4125,26809,,Family Permanent,,Annually,,,f,,t,1999-01-10,1,Rent,, No.41,,Yelagiri Hills,2027,607,104,635853,,9444610904,,,,,,,,104,,,Pathrose M,Male,9444610904,
3210,YLG/046,YLG/046,Pathrose,,St. Joseph Anbiyam,,208,1,Approved,t,t,2015-07-24,2022-07-11,1394,4125,26809,,Family Permanent,,Annually,,,f,,t,1999-01-10,1,Rent,, No.41,,Yelagiri Hills,2027,607,104,635853,,9444610904,,,,,,,,104,,,Queen Sweety P.V.,Female,,
3210,YLG/046,YLG/046,Pathrose,,St. Joseph Anbiyam,,208,1,Approved,t,t,2015-07-24,2022-07-11,1394,4125,26809,,Family Permanent,,Annually,,,f,,t,1999-01-10,1,Rent,, No.41,,Yelagiri Hills,2027,607,104,635853,,9444610904,,,,,,,,104,,,Vijila Mary Y,Female,7200212090,
3211,YLG/047,YLG/047,Pauline Pereira,,Arockiya Annai Anbiyam,,208,1,Approved,t,t,2015-07-24,2022-07-11,1394,4125,26809,,Family Permanent,,Annually,,,f,,f,,1,,, ,,Yelagiri Hills,2027,607,104,635853,,9884626442,,,,,,,,104,,,Pauline Pereira,Female,9884626442,
3212,YLG/048,YLG/048,Philip Newman,,Arockiya Annai Anbiyam,,208,1,Approved,t,t,2015-07-24,2022-07-11,1394,4125,26809,,Family Permanent,,Annually,,,f,,f,,1,Rent,,"104, White Gate",,Yelagiri Hills,2027,607,104,635853,,8940531599,,,,,,,,104,,,Monica Celestina A.,Female,,
3212,YLG/048,YLG/048,Philip Newman,,Arockiya Annai Anbiyam,,208,1,Approved,t,t,2015-07-24,2022-07-11,1394,4125,26809,,Family Permanent,,Annually,,,f,,f,,1,Rent,,"104, White Gate",,Yelagiri Hills,2027,607,104,635853,,8940531599,,,,,,,,104,,,Philip Newman,Male,8940531599,
3212,YLG/048,YLG/048,Philip Newman,,Arockiya Annai Anbiyam,,208,1,Approved,t,t,2015-07-24,2022-07-11,1394,4125,26809,,Family Permanent,,Annually,,,f,,f,,1,Rent,,"104, White Gate",,Yelagiri Hills,2027,607,104,635853,,8940531599,,,,,,,,104,,,Rani Philip,Female,,
3213,YLG/049,YLG/049,Prassanna & Ancy,,Arockiya Annai Anbiyam,,208,1,Approved,t,t,2016-05-02,2022-07-11,1394,4125,26809,,Family Permanent,,Annually,,,f,,f,,1,Rent,,Punganoor,,Yelagiri Hills,2027,607,104,635853,,9843714411,,,,,,,,104,,,Ancy,Female,9843714411,
3213,YLG/049,YLG/049,Prassanna & Ancy,,Arockiya Annai Anbiyam,,208,1,Approved,t,t,2016-05-02,2022-07-11,1394,4125,26809,,Family Permanent,,Annually,,,f,,f,,1,Rent,,Punganoor,,Yelagiri Hills,2027,607,104,635853,,9843714411,,,,,,,,104,,,John Paul Prassanna,Male,9843714411,
3214,YLG/050,YLG/050,Pushpa (W/o Lourdunathan),,Arockiya Annai Anbiyam,,208,1,Approved,t,t,2015-07-24,2022-07-11,1394,4125,26809,,Family Permanent,,Annually,,,f,,f,,1,Own,,Micor Tower,,Yelagiri Hills,2027,607,104,635853,,9486149678,,,,,,,,104,,,Arokiya Mary Jothi,Female,,
3214,YLG/050,YLG/050,Pushpa (W/o Lourdunathan),,Arockiya Annai Anbiyam,,208,1,Approved,t,t,2015-07-24,2022-07-11,1394,4125,26809,,Family Permanent,,Annually,,,f,,f,,1,Own,,Micor Tower,,Yelagiri Hills,2027,607,104,635853,,9486149678,,,,,,,,104,,,Arun L.,Male,,
3214,YLG/050,YLG/050,Pushpa (W/o Lourdunathan),,Arockiya Annai Anbiyam,,208,1,Approved,t,t,2015-07-24,2022-07-11,1394,4125,26809,,Family Permanent,,Annually,,,f,,f,,1,Own,,Micor Tower,,Yelagiri Hills,2027,607,104,635853,,9486149678,,,,,,,,104,,,Gnana Anitha L.,Female,,
3214,YLG/050,YLG/050,Pushpa (W/o Lourdunathan),,Arockiya Annai Anbiyam,,208,1,Approved,t,t,2015-07-24,2022-07-11,1394,4125,26809,,Family Permanent,,Annually,,,f,,f,,1,Own,,Micor Tower,,Yelagiri Hills,2027,607,104,635853,,9486149678,,,,,,,,104,,,Irudhaya Mary (A) Pushpa,Female,,
3214,YLG/050,YLG/050,Pushpa (W/o Lourdunathan),,Arockiya Annai Anbiyam,,208,1,Approved,t,t,2015-07-24,2022-07-11,1394,4125,26809,,Family Permanent,,Annually,,,f,,f,,1,Own,,Micor Tower,,Yelagiri Hills,2027,607,104,635853,,9486149678,,,,,,,,104,,,Lourdu Nathan R,Male,,
3214,YLG/050,YLG/050,Pushpa (W/o Lourdunathan),,Arockiya Annai Anbiyam,,208,1,Approved,t,t,2015-07-24,2022-07-11,1394,4125,26809,,Family Permanent,,Annually,,,f,,f,,1,Own,,Micor Tower,,Yelagiri Hills,2027,607,104,635853,,9486149678,,,,,,,,104,,,Maria Arthi L.,Female,,
3215,YLG/051,YLG/051,Puspharaj S,,St. Joseph Anbiyam,,208,1,Approved,t,t,2015-07-24,2022-07-11,1394,4125,26809,,Family Permanent,,Annually,,,f,,t,1997-11-20,4,Own,,Spring Field Garden,,Yelagiri Hillis,2027,607,104,635853,,9976540720,,,,,,,,104,,,Lilly Pushpam,Female,9500757303,
3215,YLG/051,YLG/051,Puspharaj S,,St. Joseph Anbiyam,,208,1,Approved,t,t,2015-07-24,2022-07-11,1394,4125,26809,,Family Permanent,,Annually,,,f,,t,1997-11-20,4,Own,,Spring Field Garden,,Yelagiri Hillis,2027,607,104,635853,,9976540720,,,,,,,,104,,,Puspharaj S,Male,9976540720,
3215,YLG/051,YLG/051,Puspharaj S,,St. Joseph Anbiyam,,208,1,Approved,t,t,2015-07-24,2022-07-11,1394,4125,26809,,Family Permanent,,Annually,,,f,,t,1997-11-20,4,Own,,Spring Field Garden,,Yelagiri Hillis,2027,607,104,635853,,9976540720,,,,,,,,104,,,Riya P. L,Female,,
3215,YLG/051,YLG/051,Puspharaj S,,St. Joseph Anbiyam,,208,1,Approved,t,t,2015-07-24,2022-07-11,1394,4125,26809,,Family Permanent,,Annually,,,f,,t,1997-11-20,4,Own,,Spring Field Garden,,Yelagiri Hillis,2027,607,104,635853,,9976540720,,,,,,,,104,,,Ruben Gladwin,Male,9790565871,
3216,YLG/052,YLG/052,Rajathi,,St. Joseph Anbiyam,,,1,Approved,t,t,2015-07-24,2022-07-11,1394,4125,26809,,Family Permanent,,Annually,,,f,,f,,1,Rent,,,,Yelagiri Hillis,2027,607,104,635853,,7639984476,,,,,,,,104,,,Murali,Male,8940389908,
3216,YLG/052,YLG/052,Rajathi,,St. Joseph Anbiyam,,,1,Approved,t,t,2015-07-24,2022-07-11,1394,4125,26809,,Family Permanent,,Annually,,,f,,f,,1,Rent,,,,Yelagiri Hillis,2027,607,104,635853,,7639984476,,,,,,,,104,,,Rajathi,Female,,
3217,YLG/053,YLG/053,Royston Pereira,,St. Joseph Anbiyam,,134,1,Approved,t,t,2015-07-24,2022-07-11,1394,4125,26809,,Family Permanent,,Annually,,,f,,f,,1,Own,,Kozee Kaues Lane,,Yelagiri Hillis,2027,607,104,635853,,9884486858,prayston2007@gmail.com,,,,,,,104,,,Pauline P.,Female,,
3217,YLG/053,YLG/053,Royston Pereira,,St. Joseph Anbiyam,,134,1,Approved,t,t,2015-07-24,2022-07-11,1394,4125,26809,,Family Permanent,,Annually,,,f,,f,,1,Own,,Kozee Kaues Lane,,Yelagiri Hillis,2027,607,104,635853,,9884486858,prayston2007@gmail.com,,,,,,,104,,,Royston Pereira,Male,9884486858,
3217,YLG/053,YLG/053,Royston Pereira,,St. Joseph Anbiyam,,134,1,Approved,t,t,2015-07-24,2022-07-11,1394,4125,26809,,Family Permanent,,Annually,,,f,,f,,1,Own,,Kozee Kaues Lane,,Yelagiri Hillis,2027,607,104,635853,,9884486858,prayston2007@gmail.com,,,,,,,104,,,Shania Pereira,Female,,
3217,YLG/053,YLG/053,Royston Pereira,,St. Joseph Anbiyam,,134,1,Approved,t,t,2015-07-24,2022-07-11,1394,4125,26809,,Family Permanent,,Annually,,,f,,f,,1,Own,,Kozee Kaues Lane,,Yelagiri Hillis,2027,607,104,635853,,9884486858,prayston2007@gmail.com,,,,,,,104,,,Suzianne Pereira,Female,,
3218,YLG/054,YLG/054,Sagaya Mary   A,,Arockiya Annai Anbiyam,,208,1,Approved,t,t,2015-07-24,2022-07-11,1394,4125,26809,,Family Permanent,,Annually,,,f,,f,,1,Rent,,Mariyamman Kovil St,,Yelagiri Hills,2027,607,104,635853,,9003957929,,,,,,,,104,,,Sagaya Beaulla Joyce,Female,,
3218,YLG/054,YLG/054,Sagaya Mary   A,,Arockiya Annai Anbiyam,,208,1,Approved,t,t,2015-07-24,2022-07-11,1394,4125,26809,,Family Permanent,,Annually,,,f,,f,,1,Rent,,Mariyamman Kovil St,,Yelagiri Hills,2027,607,104,635853,,9003957929,,,,,,,,104,,,Sagaya Mary  A.,Female,9003957929,
3219,YLG/055,YLG/055,Sagaya Raj,,St. Francis Xavier Anbiyam,,,1,Approved,t,t,2015-07-24,2022-07-11,1394,4125,26809,,Family Permanent,,Annually,,,f,,t,1996-05-24,1,Own,,,,Yelagiri Hillis,2027,607,104,635853,,9442357631,,,,,,,,104,,,Infant Maria Franklin S.,Male,,franklinsagayam@gmail.com
3219,YLG/055,YLG/055,Sagaya Raj,,St. Francis Xavier Anbiyam,,,1,Approved,t,t,2015-07-24,2022-07-11,1394,4125,26809,,Family Permanent,,Annually,,,f,,t,1996-05-24,1,Own,,,,Yelagiri Hillis,2027,607,104,635853,,9442357631,,,,,,,,104,,,Sagaya Raj M,Male,,
3219,YLG/055,YLG/055,Sagaya Raj,,St. Francis Xavier Anbiyam,,,1,Approved,t,t,2015-07-24,2022-07-11,1394,4125,26809,,Family Permanent,,Annually,,,f,,t,1996-05-24,1,Own,,,,Yelagiri Hillis,2027,607,104,635853,,9442357631,,,,,,,,104,,,Sagaya Selvi M.,Female,,
3219,YLG/055,YLG/055,Sagaya Raj,,St. Francis Xavier Anbiyam,,,1,Approved,t,t,2015-07-24,2022-07-11,1394,4125,26809,,Family Permanent,,Annually,,,f,,t,1996-05-24,1,Own,,,,Yelagiri Hillis,2027,607,104,635853,,9442357631,,,,,,,,104,,,Sangeetha Rosari S.,Female,,sangeetharosi97@gmail.com
3220,YLG/056,YLG/056,Sahayaraj,,St. Joseph Anbiyam,,208,1,Approved,t,t,2015-07-24,2022-07-11,1394,4125,26809,,Family Permanent,,Annually,,,f,,t,2002-07-18,1,Own,,C/o A.Nasi,Boat House Road,Yelagiri Hillis,2027,607,104,635853,,7639034964,helenbridgith@gmail.com,,,,,,,104,,,Helen Bridgith D.,Female,7639034964,helenmariafewin@gmail.com
3220,YLG/056,YLG/056,Sahayaraj,,St. Joseph Anbiyam,,208,1,Approved,t,t,2015-07-24,2022-07-11,1394,4125,26809,,Family Permanent,,Annually,,,f,,t,2002-07-18,1,Own,,C/o A.Nasi,Boat House Road,Yelagiri Hillis,2027,607,104,635853,,7639034964,helenbridgith@gmail.com,,,,,,,104,,,Maria Antony S.,Male,7639034964,
3220,YLG/056,YLG/056,Sahayaraj,,St. Joseph Anbiyam,,208,1,Approved,t,t,2015-07-24,2022-07-11,1394,4125,26809,,Family Permanent,,Annually,,,f,,t,2002-07-18,1,Own,,C/o A.Nasi,Boat House Road,Yelagiri Hillis,2027,607,104,635853,,7639034964,helenbridgith@gmail.com,,,,,,,104,,,Richard Maria Fewin S.,Male,7639034964,
3220,YLG/056,YLG/056,Sahayaraj,,St. Joseph Anbiyam,,208,1,Approved,t,t,2015-07-24,2022-07-11,1394,4125,26809,,Family Permanent,,Annually,,,f,,t,2002-07-18,1,Own,,C/o A.Nasi,Boat House Road,Yelagiri Hillis,2027,607,104,635853,,7639034964,helenbridgith@gmail.com,,,,,,,104,,,Sahayaraj K,Male,7639034964,
3188,YLG/057,YLG/057,Immanuvel,,St. Francis Xavier Anbiyam,,208,1,Approved,t,t,2019-02-06,2022-07-11,1394,4125,26809,,Family Permanent,,Annually,,,f,,t,2018-05-25,4,Rent,,"C/o Subramani, No.496",Athanavur,Tirupattur,2027,607,104,635853,,9751097321,im@dbcyelagiri.edu.in,,,,,,,104,,,Ashlyn Merida,Female,,
3188,YLG/057,YLG/057,Immanuvel,,St. Francis Xavier Anbiyam,,208,1,Approved,t,t,2019-02-06,2022-07-11,1394,4125,26809,,Family Permanent,,Annually,,,f,,t,2018-05-25,4,Rent,,"C/o Subramani, No.496",Athanavur,Tirupattur,2027,607,104,635853,,9751097321,im@dbcyelagiri.edu.in,,,,,,,104,,,Dona Mercy,Female,9600326431,donamercy29@gmail.com
3188,YLG/057,YLG/057,Immanuvel,,St. Francis Xavier Anbiyam,,208,1,Approved,t,t,2019-02-06,2022-07-11,1394,4125,26809,,Family Permanent,,Annually,,,f,,t,2018-05-25,4,Rent,,"C/o Subramani, No.496",Athanavur,Tirupattur,2027,607,104,635853,,9751097321,im@dbcyelagiri.edu.in,,,,,,,104,,,Immanuvel,Male,9751097321,imman.shc@gmail.com
3221,YLG/058,YLG/058,Savarimuthu & Theresha,,Arockiya Annai Anbiyam,,208,1,Approved,t,t,2015-07-24,2022-07-11,1394,4125,26809,,Family Permanent,,Annually,,,f,,f,,1,Own,,"244,Guezou Nagar",,Yelagiri Hills,2027,607,104,635853,,9786648924,,,,,,,,104,,,Savari Muthu  S.,Male,9786648924,
3221,YLG/058,YLG/058,Savarimuthu & Theresha,,Arockiya Annai Anbiyam,,208,1,Approved,t,t,2015-07-24,2022-07-11,1394,4125,26809,,Family Permanent,,Annually,,,f,,f,,1,Own,,"244,Guezou Nagar",,Yelagiri Hills,2027,607,104,635853,,9786648924,,,,,,,,104,,,Theresha L.,Female,9786648924,
3222,YLG/059,YLG/059,Savariraj,,St. Joseph Anbiyam,,,1,Approved,t,t,2015-08-16,2022-07-11,1394,4125,26809,,Family Permanent,,Annually,,,f,,f,,1,Own,,,,Yelagiri Hillis,2027,607,104,635853,,,pathrose2009@gmail.com,,,,,,,104,,,Anitha Mary V.,Female,,
3222,YLG/059,YLG/059,Savariraj,,St. Joseph Anbiyam,,,1,Approved,t,t,2015-08-16,2022-07-11,1394,4125,26809,,Family Permanent,,Annually,,,f,,f,,1,Own,,,,Yelagiri Hillis,2027,607,104,635853,,,pathrose2009@gmail.com,,,,,,,104,,,Christuraja,Male,,
3222,YLG/059,YLG/059,Savariraj,,St. Joseph Anbiyam,,,1,Approved,t,t,2015-08-16,2022-07-11,1394,4125,26809,,Family Permanent,,Annually,,,f,,f,,1,Own,,,,Yelagiri Hillis,2027,607,104,635853,,,pathrose2009@gmail.com,,,,,,,104,,,Geetha Mary V.,Female,,
3222,YLG/059,YLG/059,Savariraj,,St. Joseph Anbiyam,,,1,Approved,t,t,2015-08-16,2022-07-11,1394,4125,26809,,Family Permanent,,Annually,,,f,,f,,1,Own,,,,Yelagiri Hillis,2027,607,104,635853,,,pathrose2009@gmail.com,,,,,,,104,,,Roslin Mary C,Female,,
3222,YLG/059,YLG/059,Savariraj,,St. Joseph Anbiyam,,,1,Approved,t,t,2015-08-16,2022-07-11,1394,4125,26809,,Family Permanent,,Annually,,,f,,f,,1,Own,,,,Yelagiri Hillis,2027,607,104,635853,,,pathrose2009@gmail.com,,,,,,,104,,,Rubi Rani Mary S.,Female,,
3222,YLG/059,YLG/059,Savariraj,,St. Joseph Anbiyam,,,1,Approved,t,t,2015-08-16,2022-07-11,1394,4125,26809,,Family Permanent,,Annually,,,f,,f,,1,Own,,,,Yelagiri Hillis,2027,607,104,635853,,,pathrose2009@gmail.com,,,,,,,104,,,Savari Raj B (Sagayam),Male,,
3222,YLG/059,YLG/059,Savariraj,,St. Joseph Anbiyam,,,1,Approved,t,t,2015-08-16,2022-07-11,1394,4125,26809,,Family Permanent,,Annually,,,f,,f,,1,Own,,,,Yelagiri Hillis,2027,607,104,635853,,,pathrose2009@gmail.com,,,,,,,104,,,Soundri Mary S.,Female,,
3223,YLG/060,YLG/060,Selvam A,,Arockiya Annai Anbiyam,,208,1,Approved,t,t,2015-07-24,2022-07-11,1394,4125,26809,,Family Permanent,,Annually,,,f,,f,,1,Own,, ,,Yelagiri Hills,2027,607,104,635853,,9894804419,,,,,,,,104,,,Gracy S.,Female,9894804419,
3223,YLG/060,YLG/060,Selvam A,,Arockiya Annai Anbiyam,,208,1,Approved,t,t,2015-07-24,2022-07-11,1394,4125,26809,,Family Permanent,,Annually,,,f,,f,,1,Own,, ,,Yelagiri Hills,2027,607,104,635853,,9894804419,,,,,,,,104,,,Selvam A,Male,9894804419,
3223,YLG/060,YLG/060,Selvam A,,Arockiya Annai Anbiyam,,208,1,Approved,t,t,2015-07-24,2022-07-11,1394,4125,26809,,Family Permanent,,Annually,,,f,,f,,1,Own,, ,,Yelagiri Hills,2027,607,104,635853,,9894804419,,,,,,,,104,,,Thenmozhi S.,Female,9894804419,
3224,YLG/061,YLG/061,Shinoj Robert,,Arockiya Annai Anbiyam,,208,1,Approved,t,t,2015-07-24,2022-07-11,1394,4125,26809,,Family Permanent,,Annually,,,f,,t,2014-09-11,1,Rent,,Mariyamman Kovil St,,Yelagiri Hills,2027,607,104,635853,,9943464340,,,,,,,,104,,,Angel Rani,Female,9943464340,
3224,YLG/061,YLG/061,Shinoj Robert,,Arockiya Annai Anbiyam,,208,1,Approved,t,t,2015-07-24,2022-07-11,1394,4125,26809,,Family Permanent,,Annually,,,f,,t,2014-09-11,1,Rent,,Mariyamman Kovil St,,Yelagiri Hills,2027,607,104,635853,,9943464340,,,,,,,,104,,,Shinoj Robert,Male,9943464340,
3225,YLG/062,YLG/062,Stephen E,,St. Joseph Anbiyam,,208,1,Approved,t,t,2015-07-24,2022-07-11,1394,4125,26809,,Family Permanent,,Annually,,,f,,t,2000-04-24,4,Rent,,Punganoor,,Yelagiri Hills,2027,607,104,635853,,8270988234,,,,,,,,104,,,Anuciya Mary N,Female,,
3225,YLG/062,YLG/062,Stephen E,,St. Joseph Anbiyam,,208,1,Approved,t,t,2015-07-24,2022-07-11,1394,4125,26809,,Family Permanent,,Annually,,,f,,t,2000-04-24,4,Rent,,Punganoor,,Yelagiri Hills,2027,607,104,635853,,8270988234,,,,,,,,104,,,Harish Christoper S.,Male,,
3225,YLG/062,YLG/062,Stephen E,,St. Joseph Anbiyam,,208,1,Approved,t,t,2015-07-24,2022-07-11,1394,4125,26809,,Family Permanent,,Annually,,,f,,t,2000-04-24,4,Rent,,Punganoor,,Yelagiri Hills,2027,607,104,635853,,8270988234,,,,,,,,104,,,John Bosco P,Male,,
3225,YLG/062,YLG/062,Stephen E,,St. Joseph Anbiyam,,208,1,Approved,t,t,2015-07-24,2022-07-11,1394,4125,26809,,Family Permanent,,Annually,,,f,,t,2000-04-24,4,Rent,,Punganoor,,Yelagiri Hills,2027,607,104,635853,,8270988234,,,,,,,,104,,,Mary M.,Female,,
3225,YLG/062,YLG/062,Stephen E,,St. Joseph Anbiyam,,208,1,Approved,t,t,2015-07-24,2022-07-11,1394,4125,26809,,Family Permanent,,Annually,,,f,,t,2000-04-24,4,Rent,,Punganoor,,Yelagiri Hills,2027,607,104,635853,,8270988234,,,,,,,,104,,,Moses Shyam S.,Male,,
3225,YLG/062,YLG/062,Stephen E,,St. Joseph Anbiyam,,208,1,Approved,t,t,2015-07-24,2022-07-11,1394,4125,26809,,Family Permanent,,Annually,,,f,,t,2000-04-24,4,Rent,,Punganoor,,Yelagiri Hills,2027,607,104,635853,,8270988234,,,,,,,,104,,,Sneha Priya S.,Female,,
3225,YLG/062,YLG/062,Stephen E,,St. Joseph Anbiyam,,208,1,Approved,t,t,2015-07-24,2022-07-11,1394,4125,26809,,Family Permanent,,Annually,,,f,,t,2000-04-24,4,Rent,,Punganoor,,Yelagiri Hills,2027,607,104,635853,,8270988234,,,,,,,,104,,,Stephen E,Male,8270988234,
3226,YLG/063,YLG/063,Subramaniyam C.,,Arockiya Annai Anbiyam,,208,1,Approved,t,t,2015-07-24,2022-07-11,1394,4125,26809,,Family Permanent,,Annually,,,f,,f,,1,Own,,Mariyamman Kovil St,,Yelagiri Hills,2027,607,104,635853,,9442357612,,,,,,,,104,,,Sahayamary S.,Female,,
3226,YLG/063,YLG/063,Subramaniyam C.,,Arockiya Annai Anbiyam,,208,1,Approved,t,t,2015-07-24,2022-07-11,1394,4125,26809,,Family Permanent,,Annually,,,f,,f,,1,Own,,Mariyamman Kovil St,,Yelagiri Hills,2027,607,104,635853,,9442357612,,,,,,,,104,,,Subramaniyam C.,Male,9442357612,
3227,YLG/064,YLG/064,Sundaram,,St. Joseph Anbiyam,,208,1,Approved,t,t,2015-07-24,2022-07-11,1394,4125,26809,,Family Permanent,,Annually,,,f,,f,,1,Own,,Punganoor,,Yelagiri Hillis,2027,607,104,635853,,9626113655,maradnus@gmail.com,,,,,,,104,,,Christina S.,Female,,
3227,YLG/064,YLG/064,Sundaram,,St. Joseph Anbiyam,,208,1,Approved,t,t,2015-07-24,2022-07-11,1394,4125,26809,,Family Permanent,,Annually,,,f,,f,,1,Own,,Punganoor,,Yelagiri Hillis,2027,607,104,635853,,9626113655,maradnus@gmail.com,,,,,,,104,,,Christopher S.,Male,,
3227,YLG/064,YLG/064,Sundaram,,St. Joseph Anbiyam,,208,1,Approved,t,t,2015-07-24,2022-07-11,1394,4125,26809,,Family Permanent,,Annually,,,f,,f,,1,Own,,Punganoor,,Yelagiri Hillis,2027,607,104,635853,,9626113655,maradnus@gmail.com,,,,,,,104,,,Isabella Rani M.,Female,9442369483,
3227,YLG/064,YLG/064,Sundaram,,St. Joseph Anbiyam,,208,1,Approved,t,t,2015-07-24,2022-07-11,1394,4125,26809,,Family Permanent,,Annually,,,f,,f,,1,Own,,Punganoor,,Yelagiri Hillis,2027,607,104,635853,,9626113655,maradnus@gmail.com,,,,,,,104,,,Monica Ezhilarose S.,Female,,
3227,YLG/064,YLG/064,Sundaram,,St. Joseph Anbiyam,,208,1,Approved,t,t,2015-07-24,2022-07-11,1394,4125,26809,,Family Permanent,,Annually,,,f,,f,,1,Own,,Punganoor,,Yelagiri Hillis,2027,607,104,635853,,9626113655,maradnus@gmail.com,,,,,,,104,,,William Sundaram M.,Male,9626113655,maradnus@gmail.com
3228,YLG/065,YLG/065,Sylvia,,Arockiya Annai Anbiyam,,208,1,Approved,t,t,2015-07-24,2022-07-11,1394,4125,26809,,Family Permanent,,Annually,,,f,,f,,1,Rent,,Mariyamman Koil Street,,Yelagiri Hills,2027,607,104,635853,,9940370524,,,,,,,,104,,,Andriya,Female,,
3228,YLG/065,YLG/065,Sylvia,,Arockiya Annai Anbiyam,,208,1,Approved,t,t,2015-07-24,2022-07-11,1394,4125,26809,,Family Permanent,,Annually,,,f,,f,,1,Rent,,Mariyamman Koil Street,,Yelagiri Hills,2027,607,104,635853,,9940370524,,,,,,,,104,,,Joseph,Male,,
3228,YLG/065,YLG/065,Sylvia,,Arockiya Annai Anbiyam,,208,1,Approved,t,t,2015-07-24,2022-07-11,1394,4125,26809,,Family Permanent,,Annually,,,f,,f,,1,Rent,,Mariyamman Koil Street,,Yelagiri Hills,2027,607,104,635853,,9940370524,,,,,,,,104,,,Sylvia,Female,9940370524,
3229,YLG/066,YLG/066,Theresa S,,Arockiya Annai Anbiyam,,208,1,Approved,t,t,2019-02-06,2022-07-11,1394,4125,26809,,Family Permanent,,Annually,,,f,,f,,1,Own,,Geuzou Nagar,Athanavur,Tirupattur,2027,607,104,635853,,9994269171,anbudorthy@gmail.com,,,,,,,104,,,Adrian Don Clint A.,Male,,
3229,YLG/066,YLG/066,Theresa S,,Arockiya Annai Anbiyam,,208,1,Approved,t,t,2019-02-06,2022-07-11,1394,4125,26809,,Family Permanent,,Annually,,,f,,f,,1,Own,,Geuzou Nagar,Athanavur,Tirupattur,2027,607,104,635853,,9994269171,anbudorthy@gmail.com,,,,,,,104,,,Allister A.,Male,,
3229,YLG/066,YLG/066,Theresa S,,Arockiya Annai Anbiyam,,208,1,Approved,t,t,2019-02-06,2022-07-11,1394,4125,26809,,Family Permanent,,Annually,,,f,,f,,1,Own,,Geuzou Nagar,Athanavur,Tirupattur,2027,607,104,635853,,9994269171,anbudorthy@gmail.com,,,,,,,104,,,Anbarasan S,Male,9994269171,anbudorthy@gmail.com
3229,YLG/066,YLG/066,Theresa S,,Arockiya Annai Anbiyam,,208,1,Approved,t,t,2019-02-06,2022-07-11,1394,4125,26809,,Family Permanent,,Annually,,,f,,f,,1,Own,,Geuzou Nagar,Athanavur,Tirupattur,2027,607,104,635853,,9994269171,anbudorthy@gmail.com,,,,,,,104,,,Shantha Mariya Dorty,Female,9952354975,
3229,YLG/066,YLG/066,Theresa S,,Arockiya Annai Anbiyam,,208,1,Approved,t,t,2019-02-06,2022-07-11,1394,4125,26809,,Family Permanent,,Annually,,,f,,f,,1,Own,,Geuzou Nagar,Athanavur,Tirupattur,2027,607,104,635853,,9994269171,anbudorthy@gmail.com,,,,,,,104,,,Theresa S,Female,9786648924,
3230,YLG/067,YLG/067,Thris Raj Kumar,,St. Francis Xavier Anbiyam,,,1,Approved,t,t,2016-05-02,2022-07-11,1394,4125,26809,,Family Permanent,,Annually,,,f,,t,2010-06-11,1,Rent,,Athanavur,,Yelagiri Hillis,2027,607,104,635853,,9700406386,,,,,,,,104,,,Alphones Iyane,Female,,
3230,YLG/067,YLG/067,Thris Raj Kumar,,St. Francis Xavier Anbiyam,,,1,Approved,t,t,2016-05-02,2022-07-11,1394,4125,26809,,Family Permanent,,Annually,,,f,,t,2010-06-11,1,Rent,,Athanavur,,Yelagiri Hillis,2027,607,104,635853,,9700406386,,,,,,,,104,,,Amali Theya,Female,,
3230,YLG/067,YLG/067,Thris Raj Kumar,,St. Francis Xavier Anbiyam,,,1,Approved,t,t,2016-05-02,2022-07-11,1394,4125,26809,,Family Permanent,,Annually,,,f,,t,2010-06-11,1,Rent,,Athanavur,,Yelagiri Hillis,2027,607,104,635853,,9700406386,,,,,,,,104,,,Anu Elizebeth,Female,,
3230,YLG/067,YLG/067,Thris Raj Kumar,,St. Francis Xavier Anbiyam,,,1,Approved,t,t,2016-05-02,2022-07-11,1394,4125,26809,,Family Permanent,,Annually,,,f,,t,2010-06-11,1,Rent,,Athanavur,,Yelagiri Hillis,2027,607,104,635853,,9700406386,,,,,,,,104,,,John Mathew,Male,,
3230,YLG/067,YLG/067,Thris Raj Kumar,,St. Francis Xavier Anbiyam,,,1,Approved,t,t,2016-05-02,2022-07-11,1394,4125,26809,,Family Permanent,,Annually,,,f,,t,2010-06-11,1,Rent,,Athanavur,,Yelagiri Hillis,2027,607,104,635853,,9700406386,,,,,,,,104,,,Mary Premila,Female,,
3230,YLG/067,YLG/067,Thris Raj Kumar,,St. Francis Xavier Anbiyam,,,1,Approved,t,t,2016-05-02,2022-07-11,1394,4125,26809,,Family Permanent,,Annually,,,f,,t,2010-06-11,1,Rent,,Athanavur,,Yelagiri Hillis,2027,607,104,635853,,9700406386,,,,,,,,104,,,Theris Raj Kumar,Male,9700406386,
39773,YLG/067,YLG/067,Theris Raj Kumar,,St. Francis Xavier Anbiyam,,,1,Approved,t,f,2016-05-02,2023-02-02,1394,4125,26809,,Family Temporary,0,Monthly,,,f,,t,2010-06-11,1,Own,,..,"Punganoor, Athanavur",Yelagiri Hillis,2035,607,105,635853,,9700406386,,f,Punganoor,,,2027,607,104,,,,,,
3231,YLG/068,YLG/068,Victor A.,,St. Francis Xavier Anbiyam,,208,1,Approved,t,t,2019-02-06,2022-07-11,1394,4125,26809,,Family Permanent,,Annually,,,f,,f,,1,Rent,,Athanavur,,Tirupattur,2027,607,104,635853,,8098737773,avictorarun@gmail.com,,,,,,,104,,,Shakila C.V.,Female,9751644592,
3231,YLG/068,YLG/068,Victor A.,,St. Francis Xavier Anbiyam,,208,1,Approved,t,t,2019-02-06,2022-07-11,1394,4125,26809,,Family Permanent,,Annually,,,f,,f,,1,Rent,,Athanavur,,Tirupattur,2027,607,104,635853,,8098737773,avictorarun@gmail.com,,,,,,,104,,,Victor A.,Male,8098737773,
3232,YLG/069,YLG/069,Vimala T,,St. Joseph Anbiyam,,,1,Approved,t,t,2015-07-24,2022-07-11,1394,4125,26809,,Family Permanent,,Annually,,,f,,f,,1,Rent,,,,Yelagiri Hillis,2027,607,104,635853,,,,,,,,,,104,,,Rose Gladin A.G,Female,,
3232,YLG/069,YLG/069,Vimala T,,St. Joseph Anbiyam,,,1,Approved,t,t,2015-07-24,2022-07-11,1394,4125,26809,,Family Permanent,,Annually,,,f,,f,,1,Rent,,,,Yelagiri Hillis,2027,607,104,635853,,,,,,,,,,104,,,Rose Gladson A.G,Male,9159640103,gladson.bits@gmail.com
3232,YLG/069,YLG/069,Vimala T,,St. Joseph Anbiyam,,,1,Approved,t,t,2015-07-24,2022-07-11,1394,4125,26809,,Family Permanent,,Annually,,,f,,f,,1,Rent,,,,Yelagiri Hillis,2027,607,104,635853,,,,,,,,,,104,,,Rose King A.G.,Male,,
3232,YLG/069,YLG/069,Vimala T,,St. Joseph Anbiyam,,,1,Approved,t,t,2015-07-24,2022-07-11,1394,4125,26809,,Family Permanent,,Annually,,,f,,f,,1,Rent,,,,Yelagiri Hillis,2027,607,104,635853,,,,,,,,,,104,,,Vimala T,Female,9787370109,
