id,message_main_attachment_id,diocese_id,vicariate_id,parish_id,full_name,name,middle_name,last_name,gender,dob,is_dob_or_age,age,birth_place,note,family_id,member_id,parish_priest,bapt_register_ref,bapt_date,bapt_place,bapt_parish_id,bapt_minister,bapt_country_id,bapt_god_father,bapt_god_mother,bapt_god_parents_place,bapt_god_partent_place2,father_name,father_domicile,father_religion_id,father_occupation_id,mother_name,mother_domicile,mother_religion_id,mother_occupation_id,create_uid,create_date,write_uid,write_date,cnf_date,status,status_date,fhc_date,fhc_place_moved0,fhc_register_id,cnf_place_moved0,cnf_register_id,mrg_date,mrg_place_moved0,mrg_in_parish,mrg_register_id,death_date,death_place_moved0,death_register_id,mrg_spouse,occupation,member_community_id,active,fhc_place,cnf_place,mrg_place,death_place,bapt_god_father_last_name,bapt_god_mother_last_name,family_card_no,father_occupation,mother_occupation
41,,1394,4125,26809,Ancy Roomi,Ancy Roomi,,,,2005-04-12,DOB,0,Mysore,,,,,2005/001,2005-05-22,Yelagiri Hills,26809,,104,S. Arul,Anitha Jose,,,S. Antony Raj,Yelagiri Hills,,236,Roslin,,,,12,2022-07-11 12:13:37.647184,12,2022-07-11 12:13:37.647184,,,,,,,,,,,t,,,,,,,,t,,,,,,,,,
42,,1394,4125,26809,Ani Elitia,Ani Elitia,,,,2006-09-15,DOB,0,Mysore,,,,,2006/001,2006-10-22,Yelagiri Hills,26809,,104,Emmanual Prabhakar,Hilda Sagaya Mary,,,S. Antony Raj,Yelagiri Hills,,236,Roslin,,,,12,2022-07-11 12:13:37.647184,12,2022-07-11 12:13:37.647184,,,,,,,,,,,t,,,,,,,,t,,,,,,,,,
43,,1394,4125,26809,Christina,Christina,,,,2012-10-22,DOB,0,Kovilur,,,,,2012/002,2012-11-25,Yelagiri Hills,26809,,104,Pushbharaj,Lilly ,,,William Sundaram,Yelagiri Hills,,296,Isabella Rani,,,,12,2022-07-11 12:13:37.647184,12,2022-07-11 12:13:37.647184,,,,,,,,,,,t,,,,,,,,t,,,,,,,,,
44,,1394,4125,26809,Christopher,Christopher,,,,2012-10-22,DOB,0,Kovilur,,,,,2012/001,2012-11-25,Yelagiri Hills,26809,,104,Selvam,Jenova Mary,,,William Sundaram,Yelagiri Hills,,296,Isabella Rani,,,,12,2022-07-11 12:13:37.647184,12,2022-07-11 12:13:37.647184,,,,,,,,,,,t,,,,,,,,t,,,,,,,,,
45,,1394,4125,26809,Evangeline Alice Kasthuri. V,Evangeline Alice Kasthuri. V,,,,1996-07-29,DOB,24,Andhra pradesh,,,,,2015/001,2020-08-15,Yelagiri Hills,26809,,104,,Velankanni,,,Vengatesan,,8,,Radha,,8,,12,2022-07-11 12:13:37.647184,12,2022-07-11 12:13:37.647184,,,,,,,,,,,t,,,,,,,,t,,,,,,,,,
46,,1394,4125,26809,G. Andreana,G. Andreana,,,,2019-08-01,DOB,0,Tirupattur GH,,,,,2019/005,2019-09-08,Yelagiri Hills,26809,,104,,Mangala Mary,,,Gnanaprakasam,Yelagiri Hills,,,Anitha Mary,,,,12,2022-07-11 12:13:37.647184,12,2022-07-11 12:13:37.647184,,,,,,,,,,,t,,,,,,,,t,,,,,,,,,
47,,1394,4125,26809,Gnana Prakasam (A) Chinna Durai,Gnana Prakasam (A) Chinna Durai,,,,1988-02-10,DOB,0,Chengam,,,,,1988/001,1988-06-05,Chengam,26809,,104,G. Antony,Veronical,,,Malayappan,Chengam,,,Jayamary,,,,12,2022-07-11 12:13:37.647184,12,2022-07-11 12:13:37.647184,,,,,,,,,,,t,,,,,,,,t,,,,,,,,,
48,,1394,4125,26809,H.R. Mounish Paul,H.R. Mounish Paul,,,,2015-09-12,DOB,0,"CMCH, Vellore ",,,,,2016/001,2016-04-24,Yelagiri Hills,26809,,104,K.Joe Sankaran,S.Manimegalai,,,S.Hariharan,Athanavur,,,K.S. Rexi Ramya,,,,12,2022-07-11 12:13:37.647184,12,2022-07-11 12:13:37.647184,,,,,,,,,,,t,,,,,,,,t,,,,,,,,,
49,,1394,4125,26809,Jenifer Angelin. J,Jenifer Angelin. J,,,,2004-07-22,DOB,0,Kovilur,,,,,2004/001,2004-08-18,Kovilur,26809,,104,Yesurajan,Gracy Rani,,,John Britto,Yelagiri Hills,,,Rose Mary,,,,12,2022-07-11 12:13:37.647184,12,2022-07-11 12:13:37.647184,,,,,,,,,,,t,,,,,,,,t,,,,,,,,,
50,,1394,4125,26809,Jessi Loura Lakshmi. J,Jessi Loura Lakshmi. J,,,,1997-02-17,DOB,23,Madurai,,,,,2015/002,2020-08-15,Yelagiri Hills,26809,,104,Antony Selvan,Suganya,,,Janarthanan,,,,,,,,12,2022-07-11 12:13:37.647184,12,2022-07-11 12:13:37.647184,,,,,,,,,,,t,,,,,,,,t,,,,,,,,,
51,,1394,4125,26809,Jessy Sadhana. C,Jessy Sadhana. C,,,,2020-05-23,DOB,0,"CMCH, Vellore ",,,,,2019/001,2020-07-19,Yelagiri Hills,26809,,104,Narchithi Alwar. J,Arockia Johnsi Rani,,,Chinna Durai,Yelagiri Hills,,309,Mathalai Mary,,,,12,2022-07-11 12:13:37.647184,12,2022-07-11 12:13:37.647184,,,,,,,,,,,t,,,,,,,,t,,,,,,,,,
52,,1394,4125,26809,Juan Gopal,Juan Gopal,,,,2000-05-28,DOB,19,Andhra pradesh,,,,,2020/002,2020-05-24,Yelagiri Hills,26809,,104,,Sr. Punitha. SCB,,,Narayanan,Chennai,,,Parvathi,,,,12,2022-07-11 12:13:37.647184,12,2022-07-11 12:13:37.647184,,,,,,,,,,,t,,,,,,,,t,,,,,,,,,
53,,1394,4125,26809,Kalpana (Alias) Angelin,Kalpana (Alias) Angelin,,,,1992-06-14,DOB,25,Ambur,,,,,2018/001,2018-04-01,Yelagiri Hills,26809,,104,Leo Maria Francis,Mary Nirmala,,,Balakrishnan,Tirupattur,,,Nirmala,,,,12,2022-07-11 12:13:37.647184,12,2022-07-11 12:13:37.647184,,,,,,,,,,,t,,,,,,,,t,,,,,,,,,
54,,1394,4125,26809,L Haiden Godson,L Haiden Godson,,,,2016-09-26,DOB,0,Krishnagiri,,,,,2016/002,2016-12-11,Yelagiri Hills,26809,,104,Arul,Santhi,,,G Louis Nathan,Yelagiri Hills,,,Ruby Gayathri,,,,12,2022-07-11 12:13:37.647184,12,2022-07-11 12:13:37.647184,,,,,,,,,,,t,,,,,,,,t,,,,,,,,,
55,,1394,4125,26809,Leon Tony,Leon Tony,,,,2020-04-28,DOB,0,Tirupattur GH,,,,,2020/003,2020-07-12,Yelagiri Hills,26809,,104,Arockia Paul Venish,,,,Justine Clement,Yelagiri Hills,,309,Mary Selvarani,,,,12,2022-07-11 12:13:37.647184,12,2022-07-11 12:13:37.647184,,,,,,,,,,,t,,,,,,,,t,,,,,,,,,
56,,1394,4125,26809,Leona Rachel. L. N ,Leona Rachel. L. N ,,,,2019-05-16,DOB,0,Varadharajanpet,,,,,2020/001,2020-01-26,Yelagiri Hills,26809,,104,Leander. L,,,,Leo Felix,Yelagiri Hills,,,Narmadha,,,,12,2022-07-11 12:13:37.647184,12,2022-07-11 12:13:37.647184,,,,,,,,,,,t,,,,,,,,t,,,,,,,,,
57,,1394,4125,26809,M.Sweety princes,M.Sweety princes,,,,2015-08-10,DOB,0,"Rusha Hospital, Katpadi",,,,,2015/001,2016-01-24,Yelagiri Hills,26809,,104,Leo Anbarasan,Julia Mary,,,Mathew ,Punganoor,,,Mary sathya,,,,12,2022-07-11 12:13:37.647184,12,2022-07-11 12:13:37.647184,,,,,,,,,,,t,,,,,,,,t,,,,,,,,,
58,,1394,4125,26809,Maria Pepin,Maria Pepin,,,,1999-11-24,DOB,0,Dindigul,,,,,2000/001,2000-01-02,Dindigul,26809,,104,Saniliagu,Kulandai Theresa,,,Antony,Yelagiri Hills,,236,Beula,,,,12,2022-07-11 12:13:37.647184,12,2022-07-11 12:13:37.647184,,,,,,,,,,,t,,,,,,,,t,,,,,,,,,
59,,1394,4125,26809,Mary Sneha,Mary Sneha,,,,2005-07-19,DOB,0,Kovilur,,,,,2005/005,2005-08-18,Kovilur,26809,,104,Victor Raj,Pushpam Jeya,,,John Britto,Yelagiri Hills,,,Rose Mary,,,,12,2022-07-11 12:13:37.647184,12,2022-07-11 12:13:37.647184,,,,,,,,,,,t,,,,,,,,t,,,,,,,,,
60,,1394,4125,26809,Micheal Chandra Sheker. B,Micheal Chandra Sheker. B,,,,1982-09-05,DOB,37,"Philomina's Hospital, Bengalore.",,,,,2015/004,2020-08-15,Yelagiri Hills,26809,,104,Gnana Subramani,Sagayamary,,,Balasubramani,,,,Kasthuri,,,,12,2022-07-11 12:13:37.647184,12,2022-07-11 12:13:37.647184,,,,,,,,,,,t,,,,,,,,t,,,,,,,,,
61,,1394,4125,26809,Monica Ezhilarasi,Monica Ezhilarasi,,,,2005-10-10,DOB,0,Kovilur,,,,,2005/002,2005-10-23,Yelagiri Hills,26809,,104,Leon Peter M,Regina Mary,,,William Sundaram,Yelagiri Hills,,296,Isabella Rani,,,,12,2022-07-11 12:13:37.647184,12,2022-07-11 12:13:37.647184,,,,,,,,,,,t,,,,,,,,t,,,,,,,,,
62,,1394,4125,26809,Nisha Mary,Nisha Mary,,,,2010-01-17,DOB,8,Tirupattur GH,,,,,2019/003,2019-01-01,Yelagiri Hills,26809,,104,S. Antony ,Beula ,,,Sammanasu Micheal,Yelagiri Hills,,,Mail,,,,12,2022-07-11 12:13:37.647184,12,2022-07-11 12:13:37.647184,,,,,,,,,,,t,,,,,,,,t,,,,,,,,,
63,,1394,4125,26809,Queen Sweety,Queen Sweety,,,,2005-03-22,DOB,0,Chennai,,,,,2005/003,2005-07-10,Chennai,26809,,104,,Angelin Sibi,,,Pathrose. M,Yelagiri Hills,,296,Vijila Mary,,,,12,2022-07-11 12:13:37.647184,12,2022-07-11 12:13:37.647184,,,,,,,,,,,t,,,,,,,,t,,,,,,,,,
64,,1394,4125,26809,Rakshana Mary,Rakshana Mary,,,,2011-04-20,DOB,7,Yelagiri Hills,,,,,2019/004,2019-02-10,Yelagiri Hills,26809,,104,Albert Ratchagar,Agnes Mary,,,Arockiaraj Prem Kumar,Yelagiri Hills,,,Mary Stella Jayalakshmi,,,,12,2022-07-11 12:13:37.647184,12,2022-07-11 12:13:37.647184,,,,,,,,,,,t,,,,,,,,t,,,,,,,,,
65,,1394,4125,26809,Santo Sudhakar Babu. M,Santo Sudhakar Babu. M,,,,1994-07-22,DOB,26,Gudiyatham,,,,,2015/003,2020-08-15,Yelagiri Hills,26809,,104,Fr. Arun M.J,,,,Munisamy,Chennangkuppam,,,,,,,12,2022-07-11 12:13:37.647184,12,2022-07-11 12:13:37.647184,,,,,,,,,,,t,,,,,,,,t,,,,,,,,,
66,,1394,4125,26809,Shania Bernadatte Pereira,Shania Bernadatte Pereira,,,,2005-04-11,DOB,0,Chennai,,,,,2005/004,2005-12-18,Chennai,26809,,104,Gavin Pereira,Alison Pereira,,,Royzton Pereira,Yelagiri Hills,,,Suzanne,,,,12,2022-07-11 12:13:37.647184,12,2022-07-11 12:13:37.647184,,,,,,,,,,,t,,,,,,,,t,,,,,,,,,
67,,1394,4125,26809,Snehan Anto,Snehan Anto,,,,2008-01-22,DOB,10,Tirupattur GH,,,,,2019/002,2019-01-01,Yelagiri Hills,26809,,104,Santhiyagu. S,Chinnammal,,,Sammanasu Micheal,Yelagiri Hills,,,Mail,,,,12,2022-07-11 12:13:37.647184,12,2022-07-11 12:13:37.647184,,,,,,,,,,,t,,,,,,,,t,,,,,,,,,
68,,1394,4125,26809,Theophilus Antony. V,Theophilus Antony. V,,,,2019-07-27,DOB,0,Tirupattur GH,,,,,2019/006,2019-09-29,Yelagiri Hills,26809,,104,Prabu,Saga Diacy,,,Vimal Raj,Yelagiri Hills,,,Sangeetha Rosari,,,,12,2022-07-11 12:13:37.647184,12,2022-07-11 12:13:37.647184,,,,,,,,,,,t,,,,,,,,t,,,,,,,,,
69,,1394,4125,26809,Thiyagu Vinnarasu. A,Thiyagu Vinnarasu. A,,,,1999-08-13,DOB,2,Dindigul,,,,,2002/001,2002-02-17,Dindigul,26809,,104,Ubakara Arockia Samy,,,,Arockia Doss,Yelagiri Hills,,,Sargunamary,,,,12,2022-07-11 12:13:37.647184,12,2022-07-11 12:13:37.647184,,,,,,,,,,,t,,,,,,,,t,,,,,,,,,
145949,,1394,4125,26809,Ancy Roomi,Ancy Roomi,,,Female,2005-04-12,DOB,17,Mysore,,,,,01/2005,2005-05-22,Mysore,26809,Fr. Joseph Maria,104,S. Arul,Anitha Jose,,,S. Anthony raj,Yelagiri,1,,Rosline,Yelagiri,1,,2,2026-09-18 10:19:32.201113,2,2026-09-18 10:19:32.201113,,,,,,,,,,,t,,,,,,,,t,,,,,,,,,
145950,,1394,4125,26809,Ani Elitia,Ani Elitia,,,Female,2006-09-15,DOB,16,Mysore,,,,,01/2006,2006-10-22,Mysore,26809,Fr. Ignatius Muthu,104,Emmannuel Prabhakar,Hilda Sagaya Mary,,,S. Anthony Raj,Yelagiri,1,,Rosline,Yelagiri,1,,2,2026-09-18 10:19:34.586886,2,2026-09-18 10:19:34.586886,,,,,,,,,,,t,,,,,,,,t,,,,,,,,,
145956,,1394,4125,26809,Christina,Christina,,,Female,2012-10-22,DOB,10,Kovilur,,,,,02/2012,2012-11-25,Kovilur,26809,Fr. Antony ,104,Pushpa Raj,Lilly,,,William Sundaram,Yelagiri,1,,Isabella Rani,Yelagiri,1,,2,2026-09-18 10:24:06.727073,2,2026-09-18 10:24:06.727073,,,,,,,,,,,t,,,,,,,,t,,,,,,,,,
145943,,1394,4125,26809,M.Sweety princes,M.Sweety princes,,,Female,2015-08-10,DOB,6,"Rusha Hospital, Katpadi",,,,,01/2016,2016-01-24,Yelagiri,26809,Fr Thaddeus,104,Leo Anbarasan,Julia Mary,Punganoor,,Mathew ,Punganoor,1,,Mary sathya,Punganoor,1,,2,2026-09-18 10:19:17.710498,2,2026-09-18 10:19:17.710498,,,,,,,,,,,t,,,,,,,,t,,,,,,,,,
145944,,1394,4125,26809,H.R. Mounish Paul,H.R. Mounish Paul,,,Male,2015-09-12,DOB,6,"CMCH, Vellore ",,,,,02/2016,2016-04-24,Yelagiri,26809,Fr Thaddeus,104,K.Joe Sankaran,S.Manimegalai,,,S.Hariharan,Athanavur,1,,K.S. Rexi Ramya,Yelagiri hills,1,,2,2026-09-18 10:19:20.116393,2,2026-09-18 10:19:20.116393,,,,,,,,,,,t,,,,,,,,t,,,,,,,,,
145945,,1394,4125,26809,L. Haiden Godson,L. Haiden Godson,,,Male,2016-09-26,DOB,6,Krishnagiri,,,,,03/2016,2016-12-11,Yelagiri,26809,Fr. Thaddeus SDB,104,Arul,Santhi Mary,,,G. Louis Nathan,Yelagiri ,1,,L. Ruby Gayathri,Yelagiri ,1,,2,2026-09-18 10:19:22.49892,2,2026-09-18 10:19:22.49892,,,,,,,,,,,t,,,,,,,,t,,,,,,,,,
145946,,1394,4125,26809,Kalpana (Alias) Angelin,Kalpana (Alias) Angelin,,,Female,1992-06-14,DOB,30,Ambur,,,,,01/2018,2018-04-01,Yelagiri,26809,Fr. Maria Soosai SDB,104,Leo Maria Francis,Maria Nirmala,,,Balakrishnan,Tirupattur,1,,Nirmala,Tirupattur,1,,2,2026-09-18 10:19:24.979908,2,2026-09-18 10:19:24.979908,,,,,,,,,,,t,,,,,,,,t,,,,,,,,,
145947,,1394,4125,26809,Snehan Anto. S,Snehan Anto. S,,,Male,2008-01-22,DOB,15,Tirpattur,,,,,01/2019,2019-01-01,Yelagiri,26809,Fr. Alexander Thomas SDB,104,Santhiyagu. S,Chinnammal,,,Sammanasu Michael. S,Yelagiri,1,,Mail,Yelagiri,1,,2,2026-09-18 10:19:27.406629,2,2026-09-18 10:19:27.406629,,,,,,,,,,,t,,,,,,,,t,,,,,,,,,
145948,,1394,4125,26809,Nish Mary. S,Nish Mary. S,,,Female,2010-01-17,DOB,13,Tirpattur,,,,,02/2019,2019-01-01,Yelagiri,26809,Fr. Alexander Thomas SDB,104,S. Anthony,Beula,,,Sammanasu Michael. S,Yelagiri,1,,Mail,Yelagiri,1,,2,2026-09-18 10:19:29.826683,2,2026-09-18 10:19:29.826683,,,,,,,,,,,t,,,,,,,,t,,,,,,,,,
145955,,1394,4125,26809,Christopher,Christopher,,,Male,2012-10-22,DOB,10,Kovilur,,,,,01/2012,2012-11-25,Kovilur,26809,Fr. Antony ,104,Selvam,Jenova Mary,,,William Sundaram,Yelagiri,1,,Isabella Rani,Yelagiri,1,,2,2026-09-18 10:24:04.329021,2,2026-09-18 10:24:04.329021,,,,,,,,,,,t,,,,,,,,t,,,,,,,,,
145962,,1394,4125,26809,Mary Sneha,Mary Sneha,,,Female,2005-07-19,DOB,17,Kovilur,,,,,05/2005,2005-08-28,Kovilur,26809,Fr. S. Irudaya Selvam,104,Victor Raj,Pushpam Jeya,,,John Britto,Yelagiri,1,,Rose Mary,Yelagiri,1,,2,2026-09-18 10:24:20.976629,2,2026-09-18 10:24:20.976629,,,,,,,,,,,t,,,,,,,,t,,,,,,,,,
145967,,1394,4125,26809,Leon Tony. J,Leon Tony. J,,,Male,2020-04-28,DOB,2,Tirupattur,,,,,03/2020,2020-07-12,Tirupattur,26809,Fr. Thaddeus SDB,104,Arockia Paul Venish. A,,,,Justine Clement,Yelagiri,1,,Mary Selvarani,Yelagiri,1,,2,2026-09-18 10:24:32.983724,2,2026-09-18 10:24:32.983724,,,,,,,,,,,t,,,,,,,,t,,,,,,,,,
145953,,1394,4125,26809,Chinnadurai Gnana Prakasam,Chinnadurai Gnana Prakasam,,,Male,1988-02-10,DOB,34,Chengam,,,,,01/1988,1988-06-05,Chengam,26809,Fr. Xavier Kadiamkutty,104,G. Antony,Veronickal,,,Malayappan,Yelagiri,1,,Jeya Mary,Yelagiri,1,,2,2026-09-18 10:23:59.508409,2,2026-09-18 10:23:59.508409,2006-02-19,,,,,,,,2018-02-04,,t,,,,,Madhalai Mary,,,t,,Yelagiri,Yelagiri,,,,,,
145954,,1394,4125,26809,Monica Ezhil Arase,Monica Ezhil Arase,,,Female,2005-10-10,Age,17,Kovilur,,,,,02/2005,2005-10-23,Kovilur,26809,Fr. Antony Samy S.J,104,Leon Peter. M,Regina Mary,,,William Sundaram,Yelagiri,1,,Isabella Rani,Yelagiri,1,,2,2026-09-18 10:24:01.938969,2,2026-09-18 10:24:01.938969,,,,,,,,,,,t,,,,,,,,t,,,,,,,,,
145957,,1394,4125,26809,Queen Sweety. P.V,Queen Sweety. P.V,,,Female,2005-03-22,DOB,17,Chennai,,,,,03/2005,2005-07-10,"T - Nagar , Chennai",26809,Fr. Edward,104,Ancelin Sibi,,,,Pathrose. M,Yelagiri,1,,Virila Mary. Y,Yelagiri,1,,2,2026-09-18 10:24:09.094922,2,2026-09-18 10:24:09.094922,,,,,,,,,,,t,,,,,,,,t,,,,,,,,,
145958,,1394,4125,26809,Thiyagu Vinnarasu. A,Thiyagu Vinnarasu. A,,,Male,1999-08-13,DOB,23,West Marianathapuram,,,,,01/2002,2002-07-10,West Marianathapuram,26809,Fr. Sagayaraj,104,Ubagara Arockia Samy,,,,Arockia Doss,Yelagiri,1,,Sarguna Mary,Yelagiri,1,,2,2026-09-18 10:24:11.468028,2,2026-09-18 10:24:11.468028,,,,,,,,,,,t,,,,,,,,t,,,,,,,,,
145959,,1394,4125,26809,Maria Pepin. A,Maria Pepin. A,,,Male,1999-11-24,DOB,23,Dindigul,,,,,01/2000,2000-01-02,M. Ammapatti,26809,Fr. Peter Amaladass,104,Saniliagu,Kulandai Theresa,,,Antony,Yelagiri,1,,Beula,Yelagiri,1,,2,2026-09-18 10:24:13.835607,2,2026-09-18 10:24:13.835607,,,,,,,,,,,t,,,,,,,,t,,,,,,,,,
145960,,1394,4125,26809,Shania Bernadette Pereira,Shania Bernadette Pereira,,,Female,2005-04-11,DOB,17,Chennai,,,,,04/2005,2005-12-18,New Perungalathur,26809,Fr. Maria Das,104,Gavin Pereira,Alison Pereira,,,Royston Pereira,Yelagiri,1,,Suzanne. P,Yelagiri,1,,2,2026-09-18 10:24:16.211825,2,2026-09-18 10:24:16.211825,,,,,,,,,,,t,,,,,,,,t,,,,,,,,,
145961,,1394,4125,26809,Jenifer Angelin. J,Jenifer Angelin. J,,,Female,2004-07-22,DOB,18,Kovilur,,,,,01/2004,2004-08-18,Kovilur,26809,Fr. Antony Samy,104,Jesu Rajan,Gracy Rani,,,John Britto,Yelagiri,1,,Rose Mary,Yelagiri,1,,2,2026-09-18 10:24:18.590766,2,2026-09-18 10:24:18.590766,,,,,,,,,,,t,,,,,,,,t,,,,,,,,,
145963,,1394,4125,26809,Rakshana Mary,Rakshana Mary,,,Female,2011-04-20,DOB,11,Yelagiri,,,,,03/2019,2019-02-10,Yelagiri,26809,Fr. Alexander Thomas,104,Albert Ratchagar,Agnes Mary,,,Arockiaraj Premkumar,Yelagiri,1,,Mary Stella Jayalakshmi,Yelagiri,1,,2,2026-09-18 10:24:23.356239,2,2026-09-18 10:24:23.356239,,,,,,,,,,,t,,,,,,,,t,,,,,,,,,
145964,,1394,4125,26809,Theophilus Antony. V,Theophilus Antony. V,,,Male,2019-07-27,DOB,3,Tirupattur,,,,,05/2019,2019-09-29,Yelagiri,26809,Fr. Selvaraj. A,104,Prabu. P,Sagaya Daisy. V,,,Vimal Raj,"Avadi, Chennai",1,,Sangeetha Rosari. S,"Avadi, Chennai",1,,2,2026-09-18 10:24:26.199458,2,2026-09-18 10:24:26.199458,,,,,,,,,,,t,,,,,,,,t,,,,,,,,,
145965,,1394,4125,26809,Leona Rachel. L. N.,Leona Rachel. L. N.,,,Female,2019-05-16,DOB,3,Bengaluru,,,,,01/2020,2020-01-26,Yelagiri,26809,Fr. Robert Inniyasi. SDB,104,Leander. L,,,,Leo Felix. L,Arockiapuram ( V- Pettai),1,,Narmadha. K,Yelagiri,1,,2,2026-09-18 10:24:28.467596,2,2026-09-18 10:24:28.467596,,,,,,,,,,,t,,,,,,,,t,,,,,,,,,
145968,,1394,4125,26809,Jessy Sadhana.C,Jessy Sadhana.C,,,Female,2020-05-23,DOB,2,CMC - Vellore,,,,,04/2020,2020-07-19,Yelagiri,26809,Fr. Thaddeus SDB,104,Narchaithi Alwar. J,Arockiya Johnsi Rani. J,,,Chinna Durai. M,Yelagiri,1,,Mathalai Mary,Yelagiri,1,,2,2026-09-18 10:24:35.253288,2,2026-09-18 10:24:35.253288,,,,,,,,,,,t,,,,,,,,t,,,,,,,,,
145970,,1394,4125,26809,Jessi Loura Lakshmi,Jessi Loura Lakshmi,,,Female,1997-02-17,DOB,25,,,,,,06/2020,2020-08-15,Yelagiri,26809,Fr. Robert Inniyasi. SDB,104,Antony Selvam,Suganya,,,Janarthanan,"Park Town , Chennai",8,,,,1,,2,2026-09-18 10:24:39.791384,2,2026-09-18 10:24:39.791384,2020-08-16,,,2020-08-15,,,,,,,t,,,,,,,,t,Yelagiri Hills,Yelagiri Hills,,,,,,,
145971,,1394,4125,26809,Santo Sudhakar Babu. M,Santo Sudhakar Babu. M,,,Male,1994-07-22,Age,28,Chennangkuppam - Vellore,,,,,07/2020,2020-08-15,Yelagiri Hills ,26809,Fr. Robert Inniyasi. SDB,104,Fr. Arun M.J,,Yelagiri,,Munisamy M,Chennangkuppam - Vellore,8,,Selvi M,Chennangkuppam - Vellore,8,,2,2026-09-18 10:24:42.050726,2,2026-09-18 10:24:42.050726,2020-08-16,,,2020-08-15,,,,,,,t,,,,,,,,t,Yelagiri Hills,Yelagiri Hills,,,,,,,
145972,,1394,4125,26809,Michael Chandra Shekar. B,Michael Chandra Shekar. B,,,Male,1982-09-05,DOB,40,Bangalore,,,,,08/2020,2020-08-15,Yelagiri,26809,Fr. Robert Inniyasi. SDB,104,Gnana Subramani,Sagaya Mary,,,Balasubramaniam,Lingaraja Puram (Bangalore),1,,Kasthuri,Lingaraja Puram (Bangalore),1,,2,2026-09-18 10:24:44.309222,2,2026-09-18 10:24:44.309222,,,,,,,,,,,t,,,,,,,,t,,,,,,,,,
145973,,1394,4125,26809,Steven Zane. M,Steven Zane. M,,,Male,2021-09-20,DOB,1,St. John's (Bangalore),,,,,01/2021,2021-11-21,Yelagiri,26809,Fr. John Santhosam SDB,104,Sr. Arockia Mary,,,,Martin Nepolean,Kandhi Kuppam,1,,Silviya Rani,Kandhi Kuppam,1,,2,2026-09-18 10:24:46.572526,2,2026-09-18 10:24:46.572526,,,,,,,,,,,t,,,,,,,,t,,,,,,,,,
145966,,1394,4125,26809,Juan Gopal. N,Juan Gopal. N,,,Male,2000-05-28,DOB,22,Tatpathri - (Andhra Pradesh),,,,,02/2020,2020-05-24,Yelagiri,26809,Fr. John Alexander SDB,104,Fr. Gnana Pragasam SDB,Sr. Punitha SCB,,,Narayanan,"Park Town , Chennai",1,,Parvathi,"Park Town , Chennai",1,,2,2026-09-18 10:24:30.725261,2,2026-09-18 10:24:30.725261,,,,,,,,,,,t,,,,,,,,t,,,,,,,,,
145974,,1394,4125,26809,G. Anderana,G. Anderana,,,Female,2019-08-01,Age,3,"Pudupettai, Tirupattur",,,,,04/2019,2019-09-08,Yelagiri,26809,Fr. Malayappan Arun. SDB,104,Ms. Mangala Mary,,,,S. Gnana Prasagasam,Yelagiri,1,,A. Nitha Mary,Yelagiri,1,,2,2026-09-18 10:24:48.8335,2,2026-09-18 10:24:48.8335,,,,,,,,,,,t,,,,,,,,t,,,,,,,,,
145969,,1394,4125,26809,Evangeline Alice Kasthuri,Evangeline Alice Kasthuri,,,Female,1996-07-29,DOB,26,,,,,,05/2020,2020-08-15,Yelagiri,26809,Fr. Robert Inniyasi. SDB,104,Fr. Gnana Pragasam SDB,Ms. Velankanni,,,Venkatesan,"Park Town , Chennai",8,,Radha,"Park Town , Chennai",8,,2,2026-09-18 10:24:37.521869,2,2026-09-18 10:24:37.521869,,,,,,,,,,,t,,,,,,,,t,,,,,,,,,
