id,message_main_attachment_id,diocese_id,vicariate_id,parish_id,full_name,name,middle_name,last_name,gender,dob,birth_place,is_dob_or_age,age,father_name,mother_name,bapt_register_id,marital_status_id,parish_priest,occupation_id,spouse,relation_name,relationship_id,note,death_register_ref,death_date,death_place,death_cause,death_parish_id,death_country_id,burial_date,burial_place,burial_minister,burial_parish_moved0,cemetery_code,received_baptism,received_communion,received_confirmation,received_marriage,create_uid,create_date,write_uid,write_date,burial_parish,caste,aadhaar_no,last_sac_minister,active,is_last_sacrament_received,residence,mobile_no,family_card_no,occupation
15,,1394,4125,26809,John Bosco,John Bosco,,,,,,DOB,,,,,,,,,Anushiya Stephen,4,,2019/002,2019-03-08,,,26809,104,2019-03-08,Yelagiri Hills,,,,,,,,12,2022-07-11 12:17:04.39924,12,2022-07-11 12:17:04.39924,26809,,,,t,Yes,,,,
19,,1394,4125,26809,S Savari Muthu,S Savari Muthu,,,,1937-07-04,Yelagiri Hills ,DOB,80,Susai,Savariammal,,,,,Theresa,,,,2017/001,2017-07-10,,Natural Death,26809,104,2017-07-11,Yelagiri Hills,"Rev. Fr. Alexander Thomas, SDB",,,,,,,12,2022-07-11 12:17:04.39924,12,2022-07-11 12:17:04.39924,26809,,,,t,Yes,,,,
14,,1394,4125,26809,I.George Annamalai,I.George Annamalai,,,,1947-10-15,Yelagiri Hills ,DOB,68,Iyyakannu,Chellamal ,,,,242,Bascalin-Panchalai,,,,2016/002,2016-03-22,,Natural Death,26809,104,2016-03-23,Yelagiri Hills,"Rev. Fr. Gregory Thaddeus, SDB",,,,,,,12,2022-07-11 12:17:04.39924,12,2022-07-11 12:17:04.39924,26809,,,,t,Yes,,,,
16,,1394,4125,26809,K. Vikram Joel,K. Vikram Joel,,,,2000-03-16,Yelagiri Hills ,DOB,20,Maria Krishnan,Mary Meena,,,,,,,,,2020/001,2020-05-30,,suicide,26809,104,2020-05-31,Yelagiri Hills,"Rev. Fr. Gregory Thaddeus, SDB",,,,,,,12,2022-07-11 12:17:04.39924,12,2022-07-11 12:17:04.39924,26809,,,,t,Yes,,,,
17,,1394,4125,26809,K.Francis Gunasekaran,K.Francis Gunasekaran,,,,1953-02-04,Jolarpet,DOB,62,Kuppu Rathinam,Rani,,,,,Mary Jesintha Jagatha,,,,2016/001,2016-02-02,,,26809,104,2016-02-04,Yelagiri Hills,"Rev. Fr. Gregory Thaddeus, SDB",,,,,,,12,2022-07-11 12:17:04.39924,12,2022-07-11 12:17:04.39924,26809,,,,t,Yes,,,,
18,,1394,4125,26809,S Madhalai Sami,S Madhalai Sami,,,,1969-09-29,Yelagiri Hills ,DOB,49,Susai,Rajammal,,,,,Susaimary,,,,2019/001,2019-05-27,,Natural Death,26809,104,2019-05-27,Yelagiri Hills,"Rev. Fr. Gregory Thaddeus, SDB",,,,,,,12,2022-07-11 12:17:04.39924,12,2022-07-11 12:17:04.39924,26809,,,,t,Yes,,,,
18854,,1394,4125,26809,I.George Annamalai,I.George Annamalai,,,Male,1947-10-15,Yelagiri,DOB,0,Iyyakannu,Chellamal ,,,,,Bascalin-Panchalai,,,,02/2016,2016-03-22,Yelagiri,Natural Death,26809,104,2016-03-23,Yelagiri,FR.Thaddeus Sdb,,,,,,,2,2026-09-18 10:20:59.655483,2,2026-09-18 10:20:59.655483,,,,,t,Yes,,,,Farmer
18855,,1394,4125,26809,K.Francis Gunasekaran,K.Francis Gunasekaran,,,Female,1953-02-04,Jolarpet,DOB,0,Kuppu Rathinam,Rani,,,,,Mary Jesintha Jagatha,,,,01,2016-02-02,Banglore,,26809,104,2016-02-04,Yelagiri,FR.Thaddeus Sdb,,,,,,,2,2026-09-18 10:21:01.08847,2,2026-09-18 10:21:01.08847,,,,,t,Yes,,,,
18856,,1394,4125,26809,Madhalaisamy,Madhalaisamy,,,Male,2015-08-10,,DOB,5,,,,,,,Susai Mary,,,,01/2021,2021-05-27,Yelagiri,Old age,26809,104,2021-05-28,Yelagiri,,,,,,,,2,2026-09-18 10:21:02.529648,2,2026-09-18 10:21:02.529648,,,,,t,Yes,,,,
18857,,1394,4125,26809,Joseph Antony,Joseph Antony,,,Male,1958-01-01,Pudhur Nadu ( Jawathu Hills),DOB,53,Annamalai,Chinnaponnu,,,,,Asuntha Mary,,,,01/2011,2011-02-10,Yelagiri,Heart Attack ,26809,104,2011-02-11,Yelagiri,Fr. Maria Arockiaraj SDB,,,,,,,2,2026-09-18 10:21:03.964685,2,2026-09-18 10:21:03.964685,,,,,t,Yes,,,,
