id,message_main_attachment_id,diocese_id,vicariate_id,parish_id,full_name,name,middle_name,last_name,gender,dob,is_dob_or_age,age,father_name,mother_name,bapt_date,bapt_parish_id,bapt_diocese_id,bapt_register_id,cnf_register_ref,cnf_date,cnf_place,cnf_minister,cnf_god_father,cnf_god_mother,cnf_parish_id,cnf_country_id,parish_priest,sponsor,note,create_uid,create_date,write_uid,write_date,residence_of_parents,bapt_place,birth_place,active,fhc_date,fhc_place,marriage,family_card_no
34817,,1394,4125,26809,Jenifer Angeline. J,Jenifer Angeline. J,,,Female,2004-07-22,DOB,15,John Britto. J,Rose Mary,2004-08-18,26873,,,08/2019,2019-02-09,Yelagiri,Most Rev. Bp. Soundararaju Periyanayagam SDB,,,26809,104,,,,2,2026-09-18 10:19:55.314243,2,2026-09-18 10:19:55.314243,Yelagiri,Koviloor,Koviloor,t,,,No,
34820,,1394,4125,26809,Aslisha. J. A,Aslisha. J. A,,,Female,,DOB,0,John Stephen. N,Angel Kumari. V,2002-07-24,,,,11/2019,2019-02-09,Yelagiri,Most Rev. Bp. Soundararaju Periyanayagam SDB,Karoline. A,,26809,104,,,,2,2026-09-18 10:19:59.892947,2,2026-09-18 10:19:59.892947,Yelagiri,,,t,,,No,
34826,,1394,4125,26809,Dennis M.,Dennis M.,,,Male,,DOB,0,Mahenderan Y. A,Rejina Malathi A.,,,,,02/2023,2023-02-11,Yelagiri,Fr. Clement Ignatius SDB (V.F),,,26809,104,,,,2,2026-09-18 10:20:08.726387,2,2026-09-18 10:20:08.726387,Yelagiri,,,t,,,No,
34833,,1394,4125,26809,Harsitha Shekar,Harsitha Shekar,,,Female,,DOB,0,Chandra Shekar,Ezhil Arasi,2023-02-05,,,,09/2023,2023-02-11,Yelagiri,Fr. Clement Ignatius SDB (V.F),,,26809,104,,,,2,2026-09-18 10:20:21.003805,2,2026-09-18 10:20:21.003805,Athanavur,Yelagiri,,t,,,No,
34839,,1394,4125,26809,Santo Sudhakar Babu. M,Santo Sudhakar Babu. M,,,Male,1994-07-22,DOB,26,Munisamy M,Selvi M,2020-08-15,,,,01/2020,2020-08-16,Yelagiri,Fr. Robert Inniyasi SDB,Fr. M.J Arun SDB,,26809,104,,,,2,2026-09-18 10:20:31.561946,2,2026-09-18 10:20:31.561946,Chennagkuppam,Yelagiri,Chennagkuppam,t,,,No,
34810,,1394,4125,26809,Ani Elitia .R,Ani Elitia .R,,,Female,2006-10-22,DOB,13,S. Anthony Raj,Roslin (Rosline),2006-10-22,,,,01/2019,2019-02-09,Yelagiri,Most Rev. Bp. Soundararaju Periyanayagam SDB,Emmannuel Prabhakar,Hilda Sagaya Mary,26809,104,,,,2,2026-09-18 10:19:44.352674,2,2026-09-18 10:19:44.352674,Yelagiri,Mysore,Mysore,t,,,No,
34811,,1394,4125,26809,Mary Maheswari. P,Mary Maheswari. P,,,Female,,DOB,0,Arockiaraj Premkumar,Mary Stella Jayalakshmi. A,2003-08-03,,,,02/2019,2019-02-09,Yelagiri,Most Rev. Bp. Soundararaju Periyanayagam SDB,,,26809,104,,,,2,2026-09-18 10:19:45.785731,2,2026-09-18 10:19:45.785731,Yelagiri,,,t,,,No,
34823,,1394,4125,26809,Thiyagu Vinnarasu. A,Thiyagu Vinnarasu. A,,,Male,1999-08-13,DOB,20,Arockia Dass. A,Sarguna Mary,2002-02-17,,,,14/2019,2019-02-09,Yelagiri,Most Rev. Bp. Soundararaju Periyanayagam SDB,Ubagara Arockia Samy,,26809,104,,,,2,2026-09-18 10:20:04.415833,2,2026-09-18 10:20:04.415833,Yelagiri,West Marianathapuram,West Marianathapuram,t,,,No,
34827,,1394,4125,26809,Ajith Shekar,Ajith Shekar,,,Male,,DOB,0,Chandra Shekar,Ezhil Arasi,2023-02-05,,,,03/2023,2023-02-11,Yelagiri,Fr. Clement Ignatius SDB (V.F),,,26809,104,,,,2,2026-09-18 10:20:10.992979,2,2026-09-18 10:20:10.992979,Yelagiri,Yelagiri,,t,,,No,
34828,,1394,4125,26809,Amalesh A. ,Amalesh A. ,,,Male,,DOB,0,Arul Raj S.,Madhalai Mary M.,,26873,,,04/2023,2023-02-11,Yelagiri,Fr. Clement Ignatius SDB (V.F),,,26809,104,,,,2,2026-09-18 10:20:12.753186,2,2026-09-18 10:20:12.753186,Yelagiri,Koviloor,,t,,,No,
34822,,1394,4125,26809,Bakkiaraj. S,Bakkiaraj. S,,,Male,,DOB,0,Selvam. M,Thilagavathi. G,2007-04-08,,,,13/2019,2019-02-09,Yelagiri,Most Rev. Bp. Soundararaju Periyanayagam SDB,Dayalan. W,,26809,104,,,,2,2026-09-18 10:20:02.705688,2,2026-09-18 10:20:02.705688,Yelagiri,,,t,,,No,
34830,,1394,4125,26809,Snehan Anto,Snehan Anto,,,Male,,DOB,0,Sammanasu Michael S.,Maila M.,2020-10-01,,,,06/2023,2023-02-11,Yelagiri,Fr. Clement Ignatius SDB (V.F),,,26809,104,,,,2,2026-09-18 10:20:15.706802,2,2026-09-18 10:20:15.706802,Yelagiri,Boomikuppam,,t,,,No,
34809,,1394,4125,26809,M.Sweety princes,M.Sweety princes,,,Female,2015-08-10,DOB,3,Mathew ,Mary sathya,2016-01-24,,,,01/2018,2018-09-20,Yelagiri,Rev. Fr. Alex,Lawrance,Mary,26809,104,,,,2,2026-09-18 10:19:42.622793,2,2026-09-18 10:19:42.622793,,,,t,,,No,
34812,,1394,4125,26809,Marina Florence. J,Marina Florence. J,,,Female,,DOB,0,Jerald Francis,AnthuMary,2003-08-03,,,,03/2019,2019-02-09,Yelagiri,Most Rev. Bp. Soundararaju Periyanayagam SDB,,,26809,,,,,2,2026-09-18 10:19:46.949155,2,2026-09-18 10:19:46.949155,Yelagiri,,,t,,,No,
34813,,1394,4125,26809,Monica Ezhil Asari. S,Monica Ezhil Asari. S,,,Female,2005-10-10,DOB,14,William Sundaram M.,Isabella Rani M.,2012-11-25,15408,,,04/2019,2019-02-09,Yelagiri,Most Rev. Bp. Soundararaju Periyanayagam SDB,Leon Peter. M,Regina Mary,26809,104,,,,2,2026-09-18 10:19:48.675512,2,2026-09-18 10:19:48.675512,Yelagiri,Kovilur,Kovilur,t,,,No,
34814,,1394,4125,26809,Mary Sneha. J,Mary Sneha. J,,,Female,2005-07-19,DOB,14,John Britto,Rose Mary,2005-08-18,15408,,,05/2019,2019-02-09,Yelagiri,Most Rev. Bp. Soundararaju Periyanayagam SDB,Victor Raj,Pushpam Jeya,26809,,,,,2,2026-09-18 10:19:50.127305,2,2026-09-18 10:19:50.127305,Yelagiri,Kovilur,Kovilur,t,,,No,
34815,,1394,4125,26809,Ancy Roomi. R,Ancy Roomi. R,,,Female,2005-04-12,DOB,14,Anthony Raj. S,Roslin (Rosline),2005-05-22,,,,06/2019,2019-02-09,Yelagiri,Most Rev. Bp. Soundararaju Periyanayagam SDB,S. Arul,Anitha Jose,26809,104,,,,2,2026-09-18 10:19:51.866085,2,2026-09-18 10:19:51.866085,Yelagiri,Mysore,Mysore,t,,,No,
34816,,1394,4125,26809,Queen Sweety. P.V,Queen Sweety. P.V,,,Female,2005-03-22,DOB,14,Pathrose. M,Vijila Mary. Y,2005-07-10,,,,07/2019,2019-02-09,Yelagiri,Most Rev. Bp. Soundararaju Periyanayagam SDB,Ancelin Sibi,,26809,104,,,,2,2026-09-18 10:19:53.587758,2,2026-09-18 10:19:53.587758,Yelagiri,Thyagaraya Nagar,Chennai,t,,,No,
34818,,1394,4125,26809,Riya. P.L,Riya. P.L,,,Female,,DOB,0,Pushparaj. S,Lilly Pushpam. A,,,,,09/2019,2019-02-09,Yelagiri,Most Rev. Bp. Soundararaju Periyanayagam SDB,,Karoline. A,26809,104,,,,2,2026-09-18 10:19:56.753215,2,2026-09-18 10:19:56.753215,Yelagiri,,,t,,,No,
34819,,1394,4125,26809,Shania Bernadette Pereira,Shania Bernadette Pereira,,,Female,2005-04-11,DOB,14,Royston Pereira,Suzanne. P,2005-12-18,22122,,,10/2019,2019-02-09,Yelagiri,Most Rev. Bp. Soundararaju Periyanayagam SDB,Gavin Pereira,Alison Pereira,26809,104,,,,2,2026-09-18 10:19:58.467822,2,2026-09-18 10:19:58.467822,Yelagiri,Perungalthur,"Alandur, Chennai",t,,,No,
34821,,1394,4125,26809,Nivetha Roselin. P,Nivetha Roselin. P,,,Female,,DOB,0,Parthasarathy. R,Theresa Amala. A. P,2002-06-16,,,,12/2019,2019-02-09,Yelagiri,Most Rev. Bp. Soundararaju Periyanayagam SDB,Karoline. A,,26809,104,,,,2,2026-09-18 10:20:01.317344,2,2026-09-18 10:20:01.317344,Yelagiri,,,t,,,No,
34824,,1394,4125,26809,Maria Pepin. A,Maria Pepin. A,,,Male,1999-11-24,DOB,20,Antony. S,Beula. S,2000-01-02,,,,15/2019,2019-02-09,Yelagiri,Most Rev. Bp. Soundararaju Periyanayagam SDB,Saniliagu,Kulandhai Theresa,26809,104,,,,2,2026-09-18 10:20:05.852657,2,2026-09-18 10:20:05.852657,Yelagiri,M. Amma Patti,Dindigul,t,,,No,
34825,,1394,4125,26809,Mervin J. A.,Mervin J. A.,,,Male,2009-11-08,DOB,14,John Stephen,Angel Kumari,2011-04-24,,,,01/2023,2023-02-11,Yelagiri,Fr. Clement Ignatius SDB (V.F),,,26809,104,,,,2,2026-09-18 10:20:07.294317,2,2026-09-18 10:20:07.294317,Athanavur,,,t,,,No,
34829,,1394,4125,26809,Daniel M.,Daniel M.,,,Male,,DOB,0,Mathew J.,Mary Sathiya M.,,,,,05/2023,2023-02-11,Yelagiri,Fr. Clement Ignatius SDB (V.F),,,26809,104,,,,2,2026-09-18 10:20:14.225164,2,2026-09-18 10:20:14.225164,Yelagiri,,,t,,,No,
34831,,1394,4125,26809,Christopher S.,Christopher S.,,,Male,2011-10-22,DOB,12,William Sundaram M. ,Isabella Rani M.,2011-11-25,15408,,,07/2023,2023-02-11,Yelagiri,Fr. Clement Ignatius SDB (V.F),Selvam,Jenova Mary,26809,104,,,,2,2026-09-18 10:20:17.476746,2,2026-09-18 10:20:17.476746,Yelagiri,Kovilur,Vellore,t,,,No,
34832,,1394,4125,26809,Jerron William,Jerron William,,,Male,,DOB,0,Samy Chinna Pillai,Chandra S.,2010-09-05,22032,,,08/2023,2023-02-11,Yelagiri,Fr. Clement Ignatius SDB (V.F),,,26809,104,,,,2,2026-09-18 10:20:19.238628,2,2026-09-18 10:20:19.238628,Yelagiri,Perambur,,t,,,No,
34834,,1394,4125,26809,Nisha Mary S.,Nisha Mary S.,,,Female,,DOB,0,Sammanasu Michael S.,Maila M.,2020-01-01,,,,10/2023,2023-02-11,Yelagiri,Fr. Clement Ignatius SDB (V.F),,,26809,104,,,,2,2026-09-18 10:20:22.783971,2,2026-09-18 10:20:22.783971,Yelagiri,Yelagiri,,t,,,No,
34835,,1394,4125,26809,Jefflin Shrina A.,Jefflin Shrina A.,,,Female,,DOB,0,"Arul Anand S,",Anitha Josi,2012-04-07,,,,11/2023,2023-02-11,Yelagiri,Fr. Clement Ignatius SDB (V.F),,,26809,104,,,,2,2026-09-18 10:20:24.543745,2,2026-09-18 10:20:24.543745,Yelagiri,Yelagiri,,t,,,No,
34836,,1394,4125,26809,Adira William S. ,Adira William S. ,,,Female,,DOB,0,Samy Chinna Pillai,Chandra S.,2012-12-16,22032,,,12/2023,2023-02-11,Yelagiri,Fr. Clement Ignatius SDB (V.F),,,26809,104,,,,2,2026-09-18 10:20:26.308318,2,2026-09-18 10:20:26.308318,Yelagiri,Perambur,,t,,,No,
34837,,1394,4125,26809,Rakshna Mary A.,Rakshna Mary A.,,,Female,,DOB,0,Arokiaraj Premkumar,Mary Stella Jayalakshmi,,,,,13/2023,2023-02-11,Yelagiri,Fr. Clement Ignatius SDB (V.F),,,26809,104,,,,2,2026-09-18 10:20:28.059425,2,2026-09-18 10:20:28.059425,Yelagiri,Yelagiri,,t,,,No,
34838,,1394,4125,26809,Christina S.,Christina S.,,,Female,2011-10-22,DOB,12,William Sundaram M. ,Isabella Rani M.,2011-11-25,15408,,,14/2023,2023-02-11,Yelagiri,Fr. Clement Ignatius SDB (V.F),Pushparaj,Lilly,26809,104,,,,2,2026-09-18 10:20:29.814372,2,2026-09-18 10:20:29.814372,Athanavur,Kovilur,Vellore,t,,,No,
