id,message_main_attachment_id,diocese_id,vicariate_id,parish_id,full_name,name,middle_name,last_name,gender,dob,is_dob_or_age,age,father_name,mother_name,bapt_date,bapt_parish_id,bapt_diocese_id,bapt_register_id,fhc_register_ref,fhc_date,fhc_place,fhc_minister,fhc_church,fhc_parish_id,fhc_country_id,parish_priest,note,create_uid,create_date,write_uid,write_date,bapt_place,birth_place,active,residence_of_parents,god_parent1,god_parent2,family_card_no
12813,,1394,4125,26809,Nisha Mary S.,Nisha Mary S.,,,Female,,DOB,0,Sammanasu Michael S.,Maila M.,2020-01-01,,,,10/2023,2023-02-11,,Fr. Clement Ignatius SDB (V.F),Our Lady of Lourdes Mission,26809,104,,,2,2026-09-18 10:26:35.318182,2,2026-09-18 10:26:35.318182,Yelagiri,,t,,,,
12814,,1394,4125,26809,Jefflin Shrina A.,Jefflin Shrina A.,,,Female,,DOB,0,Arul Anand S.,Anitha Josh,2012-04-07,,,,11/2023,2023-02-11,,Fr. Clement Ignatius SDB (V.F),Our Lady of Lourdes Mission,26809,104,,,2,2026-09-18 10:26:37.088421,2,2026-09-18 10:26:37.088421,Yelagiri,,t,,,,
12818,,1394,4125,26809,Santo Sudhakar Babu,Santo Sudhakar Babu,,,Male,2015-08-10,DOB,11,Munisamy M.,Selvi M.,2020-08-15,,,,02/2020,2020-08-15,,Fr. Robert Inniyasi SDB,Our Lady of Lourdes Mission,26809,104,,,2,2026-09-18 10:26:44.625398,2,2026-09-18 10:26:44.625398,Yelagiri,Yelagiri,t,,,,
12804,,1394,4125,26809,Mervin J. A.,Mervin J. A.,,,Male,2009-11-08,DOB,17,John Stephen,Angel Kumari,2011-04-24,,,,01/2023,2023-02-11,,Fr. Clement Ignatius SDB (V.F),Our Lady of Lourdes Mission,26809,104,,,2,2026-09-18 10:26:19.972704,2,2026-09-18 10:26:19.972704,Nagercoil,Nagercoil,t,,,,
12819,,1394,4125,26809,Monica Ezhil Arasi S.,Monica Ezhil Arasi S.,,,Female,2005-10-10,DOB,21,Sundharam (William) M.,Isabella Rani M.,2005-10-23,15408,,,01/2017,2017-02-12,,,Our Lady of Lourdes Mission - Yelagiri,26809,104,,,2,2026-09-18 10:26:46.377663,2,2026-09-18 10:26:46.377663,Kovilur,Kovilur,t,,,,
12805,,1394,4125,26809,Dennis M.,Dennis M.,,,Male,,DOB,0,Y. A Mahenderan ,Rejina Malathi A.,,,,,02/2023,2023-02-11,,Fr. Clement Ignatius SDB (V.F),Our Lady of Lourdes Mission,26809,104,,,2,2026-09-18 10:26:21.456328,2,2026-09-18 10:26:21.456328,,,t,,,,
12807,,1394,4125,26809,Amalesh A.,Amalesh A.,,,Male,,DOB,0,Arul Raj S.,Madhalai Mary D.,,26873,,,04/2023,2023-02-11,,Fr. Clement Ignatius SDB (V.F),Our Lady of Lourdes Mission,26809,104,,,2,2026-09-18 10:26:25.227965,2,2026-09-18 10:26:25.227965,Koviloor,Koviloor,t,,,,
12808,,1394,4125,26809,Daniel M.,Daniel M.,,,Male,,DOB,0,Mathew I.,Mary Sathiya M.,,,,,05/2023,2023-02-11,,Fr. Clement Ignatius SDB (V.F),Our Lady of Lourdes Mission,26809,104,,,2,2026-09-18 10:26:26.713447,2,2026-09-18 10:26:26.713447,,,t,,,,
12809,,1394,4125,26809,Snehan Anto S. ,Snehan Anto S. ,,,Male,,DOB,0,Sammanasu Michael S.,Maila M.,2020-01-01,,,,06/2023,2023-02-11,,Fr. Clement Ignatius SDB (V.F),Our Lady of Lourdes Mission,26809,104,,,2,2026-09-18 10:26:28.194558,2,2026-09-18 10:26:28.194558,,Bommikuppam,t,,,,
12812,,1394,4125,26809,Harsitha Shekar,Harsitha Shekar,,,Female,,DOB,0,Chadra Shekar,Ezhil Arasi,2023-02-05,,,,09/2023,2023-02-11,,Fr. Clement Ignatius SDB (V.F),Our Lady of Lourdes Mission,26809,104,,,2,2026-09-18 10:26:33.540784,2,2026-09-18 10:26:33.540784,Yelagiri,,t,,,,
12815,,1394,4125,26809,Adira William,Adira William,,,Female,,DOB,0,Samy Chinna Pillai,Chandra S.,,22032,,,12/2023,2023-02-11,,Fr. Clement Ignatius SDB (V.F),Our Lady of Lourdes Mission,26809,104,,,2,2026-09-18 10:26:38.852386,2,2026-09-18 10:26:38.852386,Perambur,,t,,,,
12799,,1394,4125,26809,M.Sweety princes,M.Sweety princes,,,Female,2015-08-10,DOB,11,Mathew ,Mary sathya,2016-01-24,,,,01/2018,2018-09-20,,Rev. Fr. Alex,Our lady of lourdes mission,26809,104,,,2,2026-09-18 10:26:12.485713,2,2026-09-18 10:26:12.485713,,,t,,,,
12806,,1394,4125,26809,Ajith Shekar,Ajith Shekar,,,Male,,DOB,0,Chandra Shekar,Ezhil Arasi,2023-02-05,,,,03/2023,2023-02-11,,Fr. Clement Ignatius SDB (V.F),Our Lady of Lourdes Mission,26809,104,,,2,2026-09-18 10:26:22.970003,2,2026-09-18 10:26:22.970003,,,t,,,,
12800,,1394,4125,26809,Mary Maheswari. P,Mary Maheswari. P,,,Female,,DOB,0,Arockiaraj Premkumar. P,Mary Stella Jayalakshmi,,,,,03/2019,2019-02-09,,Most. Rev. Bp. Soundhararaju Periyanayagam SDB,"Our Lady of Lourdh's Mission, Yelagiri",26809,104,,,2,2026-09-18 10:26:13.99244,2,2026-09-18 10:26:13.99244,,,t,,,,
12801,,1394,4125,26809,Bakkiyaraj. S,Bakkiyaraj. S,,,Male,,DOB,0,Selvam. M,Thilagavathi. G,2007-04-08,,,,01/2019,2019-02-09,,Most. Rev. Bp. Soundhararaju Periyanayagam SDB,"Our Lady of Lourdh's Mission, Yelagiri",26809,104,,,2,2026-09-18 10:26:15.487311,2,2026-09-18 10:26:15.487311,,,t,,,,
12816,,1394,4125,26809,Rakshna Mary A.,Rakshna Mary A.,,,Female,,DOB,0,Arokiaraj Premkumar,Mary Stella Jayalakshmi,,,,,13/2023,2023-02-11,,Fr. Clement Ignatius SDB (V.F),Our Lady of Lourdes Mission,26809,104,,,2,2026-09-18 10:26:40.606273,2,2026-09-18 10:26:40.606273,Yelagiri,,t,,,,
12802,,1394,4125,26809,Thiyagu Vinnarasu. A,Thiyagu Vinnarasu. A,,,Male,,DOB,0,Arockia Dass. A,Sarguna Mary,2002-02-17,,,,02/2019,2019-02-09,,Most. Rev. Bp. Soundhararaju Periyanayagam SDB,"Our Lady of Lourdh's Mission, Yelagiri",26809,104,,,2,2026-09-18 10:26:16.982065,2,2026-09-18 10:26:16.982065,,,t,,,,
12803,,1394,4125,26809,Juan Gopal. N,Juan Gopal. N,,,Male,,DOB,0,Narayanan,Parvathi,2020-05-24,,,,01/2020,2020-05-24,,Most. Rev. Bp. Soundhararaju Periyanayagam SDB,"Our Lady of Lourdh's Mission, Yelagiri",26809,104,,,2,2026-09-18 10:26:18.497079,2,2026-09-18 10:26:18.497079,,,t,,,,
12810,,1394,4125,26809,Christopher S.,Christopher S.,,,Male,2011-10-22,DOB,15,William Sundaram M.,Isabella Rani S.,2011-11-25,15408,,,07/2023,2023-02-11,,Fr. Clement Ignatius SDB (V.F),Our Lady of Lourdes Mission,26809,104,,,2,2026-09-18 10:26:29.975711,2,2026-09-18 10:26:29.975711,Kovilur,Kovilur,t,,,,
12811,,1394,4125,26809,Jerron William S.,Jerron William S.,,,Male,,DOB,0,Samy Chinna Pillai,Chandra S.,2010-09-05,22032,,,08/2023,2023-02-11,,Fr. Clement Ignatius SDB (V.F),Our Lady of Lourdes Mission,26809,104,,,2,2026-09-18 10:26:31.756257,2,2026-09-18 10:26:31.756257,Perambur,,t,,,,
12817,,1394,4125,26809,Christina S.,Christina S.,,,Female,2011-10-22,DOB,15,William Sundaram M.,Isabella Rani S.,2011-11-25,15408,,,14/2023,2023-02-11,,Fr. Clement Ignatius SDB (V.F),Our Lady of Lourdes Mission,26809,104,,,2,2026-09-18 10:26:42.86845,2,2026-09-18 10:26:42.86845,Kovilur,Vellore,t,,,,
