id,message_main_attachment_id,diocese_id,vicariate_id,parish_id,bridegroom_full_name,bride_full_name,mrg_register_ref,mrg_date,mrg_place,mrg_minister,mrg_church,parish_priest,mrg_parish_id,civil_reg_office,civil_reg_date,banns,bann_date1,bann_date2,bann_date3,rectification,impediments,note,bride_name,bride_middle_name,bride_last_name,bride_dob,bride_birth_parish_id,bride_status,bride_parish_id,bride_diocese_id,bride_religion_id,bride_bapt_date,bride_bapt_church,bride_bapt_register_id,bride_domicile,bride_occupation_id,bride_taluk,bride_residential_address,bride_country_id,bride_father_name,bride_mother_name,is_bride_course_attended,bridegroom_name,bridegroom_middle_name,bridegroom_last_name,bridegroom_dob,bridegroom_birth_parish_id,bridegroom_status,bridegroom_parish_id,bridegroom_diocese_id,bridegroom_religion_id,bridegroom_bapt_date,bridegroom_bapt_church,bridegroom_bapt_register_id,bridegroom_domicile,bridegroom_occupation_id,bridegroom_taluk,bridegroom_residential_address,bridegroom_country_id,bridegroom_father_name,bridegroom_mother_name,is_bridegroom_course_attended,witness1_name,witness1_age,witness1_profession,witness1_address,witness1_domicile,witness2_name,witness2_age,witness2_profession,witness2_address,witness2_domicile,create_uid,create_date,write_uid,write_date,is_dob_or_age_bride,bride_mrg_age,is_dob_or_age_bridegroom,bridegroom_mrg_age,witness1_surname,witness2_surname,active,whose_widower,bridegroom_whose_divorced,bridegroom_whose_married,whose_widow,bride_whose_divorced,bride_whose_married,note1,note2,family_card_no,bride_fhc_date,bride_fhc_church,bridegroom_fhc_date,bridegroom_fhc_church,bride_occupation,bridegroom_occupation
11,,1394,4125,26809,Micheal Chandra Shekar,Ezhil Arasi. S,2020/001,2020-11-22,,"Rev. Fr. Robert Inniyasi, SDB",Our Lady of Lourdes Mission,,26809,,,,,,,,Nil,,Ezhil Arasi. S,,,,,Spinster,,,1,,,,Bengalore,,,,104,Simon,Pushbharani,Yes,Micheal Chandra Shekar,,,,,Bachelor,,,1,,,,Yelagiri Hills,,,,104,Balasubramaniam,Kasthuri,Yes,Gnana Subramaniam,,,,Bengalore,Victoria Rani,,,,Bengalore,12,2022-07-11 12:14:14.76616,2,2025-03-15 17:20:49.817224,DOB,,DOB,,,,t,,,,,,,,,,,,,,,
12,,1394,4125,26809,R. Gnanaprakash Raj,R. Lavanya Chithra,2021/001,2021-06-16,,"Rev. Fr. Arun Malaiyappan, SDB",Our Lady of Lourdes Mission,,26809,,,,,,,,Nil,,R. Lavanya Chithra,,,1996-08-06,,Spinster,,,1,,,,Engampattu,,,,104,Robert John,Amalorpava Mary,Yes,R. Gnanaprakash Raj,,,1993-08-09,,Bachelor,,,1,,,,Yelagiri Hills,,,,104,P. Rathinam,Arockia Mary,Yes,Antony Samy,,,,Mysore,Thomas,,,,Bengalore,12,2022-07-11 12:14:14.76616,2,2025-03-15 17:20:49.817224,DOB,24,DOB,27,,,t,,,,,,,,,,,,,,,
7,,1394,4125,26809,Prabhakaran,Tamil,2016/001,2016-12-05,,"Rev. Fr. Gregory Thaddeus, SDB",Our Lady of Lourdes Mission,,26809,,,Banns,,,,,Nil,,Tamil,,,1993-04-20,,Spinster,,,1,1993-09-20,,,Chennai,,,,104,Joseph,Gracy,Yes,Prabhakaran,,,1989-04-20,,Bachelor,,,1,1990-09-20,,,Yelagiri Hills,,,,104,Lawrance,Mary,Yes,Prem kumar,,,,Krishnagri,Christy,,,,Kandhikuppam,12,2022-07-11 12:14:14.76616,2,2025-03-15 17:20:49.817224,DOB,23,DOB,27,,,t,,,,,,,,,,,,,,,
8,,1394,4125,26809,Amalraj,Abila,2016/002,2016-05-12,,"Rev. Fr. Gregory Thaddeus, SDB",Our Lady of Lourdes Mission,,26809,,,Banns,,,,,Nil,,Abila,,,1993-10-18,,Spinster,,,1,,,,Neyveli,,,,104,Boobalan,Santhi,Yes,Amalraj,,,1989-11-09,,Bachelor,,,1,,,,Coimbatore,,,,104,A Mudiyappan,Leela Mary,Yes,John Peter,,,,Eraiyur,Dharma Raj,,,,Neyveli,12,2022-07-11 12:14:14.76616,2,2025-03-15 17:20:49.817224,DOB,22,DOB,26,,,t,,,,,,,,,,,,,,,
9,,1394,4125,26809,A Vikkiramadhithan  Arulnathan,K Aruna Annammal KANIKAISAMY,2016/003,2016-04-11,,"Rev. Fr. Gregory Thaddeus, SDB",Our Lady of Lourdes Mission,,26809,,,Banns,,,,,Nil,,K Aruna Annammal,,KANIKAISAMY,1989-06-11,,Spinster,,,1,,,,DASARAPALLI,,,,104,Kanikaisamy,Elizabeth,Yes,A Vikkiramadhithan ,,Arulnathan,1985-06-06,,Bachelor,,,1,2015-09-29,,,Irunapattu,,,,104,Arul Nathan,Lakshmi,Yes,Sundara,,,,,Yagappan,,,,,12,2022-07-11 12:14:14.76616,2,2025-03-15 17:20:49.817224,DOB,26,DOB,30,,,t,,,,,,,,,,,,,,,
10,,1394,4125,26809,M. Chinna Durai,L Mathalai Mary,2018/001,2018-02-04,,"Rev. Fr. Gregory Thaddeus, SDB",Our Lady of Lourdes Mission,,26809,,,Banns,,,,,Nil,,L Mathalai Mary,,,,,Spinster,,,1,,,,Udayendiram,,,,104,Ladis Loss,Grace Mary,Yes,M. Chinna Durai,,,,,Bachelor,,,1,,,,Yelagiri Hills,,,,104,Malayappan,Jayamary,Yes,Antony Samy,,,,,Allen Paul,,,,,12,2022-07-11 12:14:14.76616,2,2025-03-15 17:20:49.817224,DOB,,DOB,,,,t,,,,,,,,,,,,,,,
52546,,1394,4125,26809,Amalraj. M,Abila,02/2016,2016-05-12,Yellagiri ,"Rev. Fr. Gregory Thaddeus, SDB","Our Lady of Lourdes Mission, Yelagiri",,26809,,,Licence,,,,,,,Abila,,,,,Spinster,,,1,,,,Neyveli,,,,104,Boobalan,,,Amalraj. M,,,,,Bachelor,,,1,,,,,,,,104,Mudiyappan,Leela Mary,,,,,,,,,,,,2,2026-09-18 10:38:04.12791,2,2026-09-18 10:38:04.12791,DOB,0,DOB,0,,,t,,,,,,,,,,,,,,,
52537,,1394,4125,26809,Sudhakar Babu M,Motcharakkini A,01/2023,2023-06-29,Yelagiri Hills,Thaddeus SDB,"Our Lady of Lourdes Mission, Yelagiri",,26809,,,Banns,2023-02-26,2023-03-05,2023-03-12,,,,Motcharakkini A,,,1994-09-24,,Spinster,10511,,1,1994-11-13,,,Maranodai,,,,104,Antony Samy,Arockia Mary,Yes,Sudhakar Babu M,,,1994-07-22,,Bachelor,12139,,1,2020-08-15,,,Chennangkuppam,,,,104,Munisamy M,Selvi M,Yes,Baskar,,,,,S. Anthoniy Antony,,,,,2,2026-09-18 10:31:57.304904,2,2026-09-18 10:31:57.304904,DOB,29,DOB,29,,,t,,,,,,,,,,,,,,,
52538,,1394,4125,26809,M. Maria Nelson,Jestiina Mary,02/2022,2022-10-30,Yelagiri ,Fr. Maria Arockia Raj SDB,"Our Lady of Lourdes Mission, Yelagiri",,26809,,,Banns,2022-10-09,2022-10-16,2022-10-23,,,,Jestiina Mary,,,1997-01-09,,Spinster,26541,,1,1997-03-31,,,Vellore,,,,104,Prasad,Amala Mary,,M. Maria Nelson,,,1997-05-23,,Bachelor,12139,,1,1998-10-11,,,Yelagiri,,,,104,Madhalai Samy,Susai Mary,,Leo Maria Francis,,,,yelagiri,D. Amalanathan,,,,Yelagiri,2,2026-09-18 10:32:00.299679,2,2026-09-18 10:32:00.299679,DOB,25,DOB,25,,,t,,,,,,,,,,,,,,,
52539,,1394,4125,26809,Danny Stephen. D,Hemavathy. B,01/2022,2022-02-07,Yelagiri ,Fr. Thaddeus SDB,"Our Lady of Lourdes Mission, Yelagiri",,26809,,,Licence,,,,,,,Hemavathy. B,,,1995-09-21,,Spinster,,,1,,,,Vyasarpadi,,,,104,Bhaskar,Vijayasree,Yes,Danny Stephen. D,,,1994-12-26,,Bachelor,,,1,,,,Yelagiri,,,,104,Dayalan,Karoline,Yes,Leo Maria Francis,,,,Yelagiri Hills,D Jayagopi,,,,Vyasarpadi,2,2026-09-18 10:32:02.966213,2,2026-09-18 10:32:02.966213,DOB,27,DOB,28,,,t,,,,,,,,,,,,,,,
52540,,1394,4125,26809,Gnanaprakash Raj. R,Lavanya Chithra. R,01/2021,2021-06-16,Yelagiri,Fr. Roy Lazar,"Our Lady of Lourdes Mission, Yelagiri",,26809,,,Banns,,,,,,Banns were exempted due to Covid Lockdown. ,Lavanya Chithra. R,,,1996-08-06,,Spinster,10514,,1,,,,Yelagiri,,,,104,Robert John,Amalaropavamary,No,Gnanaprakash Raj. R,,,1993-08-09,,Bachelor,12139,,1,1993-09-05,,,Yelagiri,,,,104,Rathinam. P,Arockia Mary,No,Antony Samy,,,,yelagiri,Thomas. R,,,,Yelagiri,2,2026-09-18 10:32:05.935573,2,2026-09-18 10:32:05.935573,DOB,25,DOB,28,,,t,,,,,,,,,,,,,,,IT Support
52541,,1394,4125,26809,Michael Chandra Shekar,Ezhil Arasi. S,01/2020,2020-11-22,Yelagiri ,Fr. Robert Inniyasi SDB,"Our Lady of Lourdes Mission, Yelagiri",,26809,,,Licence,,,,,,,Ezhil Arasi. S,,,,,Spinster,,,1,,,,Bangalore,,,,104,G. Simon,Pushparani,Yes,Michael Chandra Shekar,,,,,Bachelor,,,1,,,,Bangalore,,,,104,Balasubramaniam,Kasthuri,Yes,Gnanasubramani,,,,yelagiri,Sr. Victoria Rani SCB,,,,Yelagiri,2,2026-09-18 10:32:08.346574,2,2026-09-18 10:32:08.346574,DOB,0,DOB,0,,,t,,,,,,,,,,,,,,,
52545,,1394,4125,26809,Prabhakaran,Tamil,03/2016,2016-12-05,Yellagiri ,"Rev. Fr. Gregory Thaddeus, SDB","Our Lady of Lourdes Mission, Yelagiri",,26809,,,Banns,2016-04-04,2016-04-04,2016-04-04,,,,Tamil,,,1993-04-20,,Spinster,,,1,1993-09-20,,,Chennai,,,,104,Joseph,Gracy,Yes,Prabhakaran,,,1989-04-20,,Bachelor,10045,,1,1990-09-20,,,Yelagri,,,,104,Lawrance,Mary,Yes,Prem kumar,,,,Krishnagri,Christy,,,,Kandhikuppam,2,2026-09-18 10:38:01.853968,2,2026-09-18 10:38:01.853968,DOB,23,DOB,27,,,t,,,,,,,,,,,,,,Teacher,Manager
52547,,1394,4125,26809,Vikkiramadhithan A,Aruna Annammal k,01/2016,2016-04-11,Yellagiri ,"Rev. Fr. Gregory Thaddeus, SDB","Our Lady of Lourdes Mission, Yelagiri",,26809,,,Licence,,,,,,,Aruna Annammal k,,,,,Spinster,8958,,1,,,,DASARAPALLI,,,,104,KANIKAISAMY,,Yes,Vikkiramadhithan A,,,,,Bachelor,8958,,1,2015-09-29,,,,,,,104,,LAKSHMI,,,,,,,,,,,,2,2026-09-18 10:38:06.968981,2,2026-09-18 10:38:06.968981,DOB,0,DOB,0,,,t,,,,,,,,,,,,,,,
